,33101,,,ASJUV Juventus Academy Miami,,,301 SW 8th St Miami, FL 33130,,,https://www.fysa.com/clubs/asjuv-juventus-academy-miami/?Near=33101&Radius=250,
,33101,,,ASMBS City of Miami Beach Soccer,,,999 11th Street Miami Beach, FL 33139,,,https://www.fysa.com/clubs/asmbs-city-of-miami-beach-soccer/?Near=33101&Radius=250,
,33101,,,ASMBF Miami Breakers,,,2755 SW 37th Ave, Coral Way Miami, FL 33133,,,https://www.fysa.com/clubs/asmbf-miami-breakers/?Near=33101&Radius=250,
,33101,,,ASCGS Coral Gables Youth Center,,,405 University Drive Coral Gables, FL 33134,,,https://www.fysa.com/clubs/ascgs-coral-gables-youth-center/?Near=33101&Radius=250,
,33101,,,ASSHS Miami Shores Soccer Club,,,PO Box 530172 Miami Shores, FL 33153,,,https://www.fysa.com/clubs/asshs-miami-shores-soccer-club/?Near=33101&Radius=250,
,33101,,,ASKBA Key Biscayne SC,,,450 Cranton Blvd Key Biscayne, FL 33149,,,https://www.fysa.com/clubs/askba-key-biscayne-sc/?Near=33101&Radius=250,
,33101,,,ASMSS Miami Springs Soccer,,,6498 NW 38th Terrace Virginia Gardens, FL 33166,,,https://www.fysa.com/clubs/asmss-miami-springs-soccer/?Near=33101&Radius=250,
,33101,,,ASSPF Soccer Paradise,,,13100 NE 8th Avenue North Miami, FL 33161,,,https://www.fysa.com/clubs/asspf-soccer-paradise/?Near=33101&Radius=250,
,33101,,,ASTRP Tropical Soccer,,,7900 Bird Road Miami, FL 33155,,,https://www.fysa.com/clubs/astrp-tropical-soccer/?Near=33101&Radius=250,
,33101,,,ASSMF Strikers Miami FC,,,6808 SW 81 Terrace Miami, FL 33143,,,https://www.fysa.com/clubs/assmf-strikers-miami-fc/?Near=33101&Radius=250,
,33101,,,ASAMA Atletico de Madrid Academia Miami,,,8333 NW 53rd Street Doral, FL 33166,,,https://www.fysa.com/clubs/asama-atletico-de-madrid-academia-miami/?Near=33101&Radius=250,
,33101,,,ASCES Coral Estates S.C.,,,1405 SW 97 Ave Miami, FL 33174,,,https://www.fysa.com/clubs/asces-coral-estates-sc/?Near=33101&Radius=250,
,33101,,,ASBAM Barca Academy Pro Miami,,,PACE High School: 15600 NW 32nd Ave, Miami Gardens, FL 33054 Little Haiti Soccer Park: 6301 NE 2nd Ave, Miami, FL 33138,,,https://www.fysa.com/clubs/-asbam-barca-academy-pro-miami-/?Near=33101&Radius=250,
,33101,,,ASDSC Doral SC,,,5300 NW 102 Ave. Doral, FL 33178,,,https://www.fysa.com/clubs/asdsc-doral-sc/?Near=33101&Radius=250,
,33101,,,ASMPS Miami Premier Soccer,,,8200 SW 124 Street Pinecrest, FL 33156,,,https://www.fysa.com/clubs/asmps-miami-premier-soccer/?Near=33101&Radius=250,
,33101,,,ASNMM North Miami Maccabi,,,18900 NE 25th Avenue North Miami Beach, FL 33180,,,https://www.fysa.com/clubs/asnmm-north-miami-maccabi/?Near=33101&Radius=250,
,33101,,,ASPSC Pinecrest Premier Soccer, Inc.,,,13012 SW 85th Avenue Road Miami, FL 33156,,,https://www.fysa.com/clubs/aspsc-pinecrest-premier-soccer-inc/?Near=33101&Radius=250,
,33101,,,ASSKS South Kendall Sunblazer Soccer Club, Inc.,,,11035 SW 84 Street Miami, FL 33176,,,https://www.fysa.com/clubs/assks-south-kendall-sunblazer-soccer-club-inc/?Near=33101&Radius=250,
,33101,,,ASSBS SunBlazer Club Soccer,,,11035 SW 84 Street Miami, FL 33176,,,https://www.fysa.com/clubs/assbs-sunblazer-club-soccer/?Near=33101&Radius=250,
,33101,,,Miami Athletic Club,,,11011 SW 104th St Miami, FL 33176,,,https://www.fysa.com/clubs/miami-athletic-club/?Near=33101&Radius=250,
,33101,,,ASBST Brazilian Soccer Training,,,20300 NE 24th Avenue Aventura, FL 33180,,,https://www.fysa.com/clubs/asbst-brazilian-soccer-training/?Near=33101&Radius=250,
,33101,,,ASIVE Ives Estate,,,20901 NE 16th Ave Miami, FL 33179,,,https://www.fysa.com/clubs/asive-ives-estate/?Near=33101&Radius=250,
,33101,,,ASLKS Miami Lakes United Soccer Club,,,16500 NW 87th Avenue Miami Lakes, FL 33018,,,https://www.fysa.com/clubs/aslks-miami-lakes-united-soccer-club/?Near=33101&Radius=250,
,33101,,,Miami Rush Kendall SC,,,13350 SW 47 Street Miami, FL 33175,,,https://www.fysa.com/clubs/miami-rush-kendall-sc/?Near=33101&Radius=250,
,33101,,,ASHSC PSG Academy FL,,,8011 SW 127th Avenue Miami, FL 33183,,,https://www.fysa.com/clubs/ashsc-psg-academy-fl/?Near=33101&Radius=250,
,33101,,,ASWKO West Kendall Optimist,,,6125 SW 133rd Ave Miami, FL 33183,,,https://www.fysa.com/clubs/aswko-west-kendall-optimist/?Near=33101&Radius=250,
,33101,,,ASHBS City of Hallandale Beach,,,410 SE 3rd Street Hallandale Beach, FL 33009,,,https://www.fysa.com/clubs/ashbs-city-of-hallandale-beach/?Near=33101&Radius=250,
,33101,,,ASUYS South Dade United,,,12973 SW 112 St. #189 Miami, FL 33186,,,https://www.fysa.com/clubs/asuys-south-dade-united/?Near=33101&Radius=250,
,33101,,,ASPPO Pembroke Pines Optimist,,,7400 Pines Blvd Pembroke Pines, FL 33024,,,https://www.fysa.com/clubs/asppo-pembroke-pines-optimist/?Near=33101&Radius=250,
,33101,,,ASMSF Miami Strike Force,,,13450 SW 134 Ave. Suite 2B Miami, FL 33186,,,https://www.fysa.com/clubs/asmsf-miami-strike-force/?Near=33101&Radius=250,
,33101,,,ASDOC Driftwood Youth Sports Inc,,,6700 Garfield Street Hollywood, FL 33024,,,https://www.fysa.com/clubs/asdoc-driftwood-youth-sports-inc/?Near=33101&Radius=250,
,33101,,,ASMOC Miramar Optimist,,,PO Box 277565 Miramar, FL 33027,,,https://www.fysa.com/clubs/asmoc-miramar-optimist/?Near=33101&Radius=250,
,33101,,,ASKHO Kendall Hammocks Lightning,,,14751 Hammocks Blvd Miami, FL 33196,,,https://www.fysa.com/clubs/askho-kendall-hammocks-lightning/?Near=33101&Radius=250,
,33101,,,ALBION SC Miami,,,10100 SW 200TH ST Cutler Bay, FL 33157,,,https://www.fysa.com/clubs/albion-sc-miami/?Near=33101&Radius=250,
,33101,,,ASCTC CTC Bandits FC,,,2100 Johnson Street Hollywood, FL 33020,,,https://www.fysa.com/clubs/asctc-ctc-bandits-fc/?Near=33101&Radius=250,
,33101,,,ASMST Miami Stars Soccer,,,1404 S Gabriel Street Hollywood, FL 33020,,,https://www.fysa.com/clubs/asmst-miami-stars-soccer/?Near=33101&Radius=250,
,33101,,,Hollywood FC,,,2310 N 23rd Avenue Hollywood, FL 33020,,,https://www.fysa.com/clubs/hollywood-fc/?Near=33101&Radius=250,
,33101,,,ASWPU West Pines United FC,,,PO Box 821443 Pembroke Pines, FL 33082,,,https://www.fysa.com/clubs/aswpu-west-pines-united-fc/?Near=33101&Radius=250,
,33101,,,ASCCO Cooper City Optimist,,,10500 Stirling Road Cooper City, FL 33026,,,https://www.fysa.com/clubs/ascco-cooper-city-optimist/?Near=33101&Radius=250,
,33101,,,Davie Pal,,,4300 SW 57th Terrace Davie, FL 33314,,,https://www.fysa.com/clubs/davie-pal/?Near=33101&Radius=250,
,33101,,,ASDUS Davie United SC,,,3801 S Pine Island Road Davie, FL 33328,,,https://www.fysa.com/clubs/asdus-davie-united-sc/?Near=33101&Radius=250,
,33101,,,ASWES Weston FC,,,4581 Weston Road #264 Weston, FL 33331,,,https://www.fysa.com/clubs/aswes-weston-fc/?Near=33101&Radius=250,
,33101,,,ASFLS Fort Lauderdale Select FC,,,1401 East Broward Blvd Suite 206 Ft. Lauderdale, FL 33301,,,https://www.fysa.com/clubs/asfls-fort-lauderdale-select-fc/?Near=33101&Radius=250,
,33101,,,ASSHA Southern Homestead Soccer Academy,,,29411 sw 147 ave Homestead, FL 33033,,,https://www.fysa.com/clubs/assha-southern-homestead-soccer-academy/?Near=33101&Radius=250,
,33101,,,ASEGL Paris Saint-Germain Academy Plantation,,,9840 NW 10th St Plantation, FL 33322,,,https://www.fysa.com/clubs/asegl-paris-saint-germain-academy-plantation/?Near=33101&Radius=250,
,33101,,,ASWSS Weston Select Soccer Club,,,PO Box 266725 Weston, FL 33327,,,https://www.fysa.com/clubs/aswss-weston-select-soccer-club/?Near=33101&Radius=250,
,33101,,,ASFFI Forge FC, Inc.,,,1055 N Franklin Ave L,,,https://www.fysa.com/clubs/asffi-forge-fc-inc/?Near=33101&Radius=250,
,33101,,,ASSTS Sunrise Youth Soccer,,,4577 N Nob Hill Road Suite 210 Sunrise, FL 33351,,,https://www.fysa.com/clubs/assts-sunrise-youth-soccer/?Near=33101&Radius=250,
,33101,,,ASCLY City of Lauderhill Youth Soccer,,,7600 NW 50th Street Lauderhill, FL 33351,,,https://www.fysa.com/clubs/ascly-city-of-lauderhill-youth-soccer/?Near=33101&Radius=250,
,33101,,,ANMYS Margate Youth Soccer Association,,,655 SW 50th Ave Margate, FL 33068,,,https://www.fysa.com/clubs/anmys-margate-youth-soccer-association/?Near=33101&Radius=250,
,33101,,,ASEFU East Florida United,,,2100 NW 62ND AVE Margate, FL 33063,,,https://www.fysa.com/clubs/asefu-east-florida-united-/?Near=33101&Radius=250,
,33101,,,ANBTC Brazilian Twisters,,,3600 W Sample Road Coconut Creek, FL 33066,,,https://www.fysa.com/clubs/anbtc-brazilian-twisters/?Near=33101&Radius=250,
,33101,,,ANCSU Coral Springs United F.C.,,,3111 N. University Drive Suite 610,,,https://www.fysa.com/clubs/ancsu-coral-springs-united-fc/?Near=33101&Radius=250,
,33101,,,Colo Colo Soccer Academy USA,,,Frank McDonough Park 3500 NE 27th Ave,,,https://www.fysa.com/clubs/colo-colo-soccer-academy-usa/?Near=33101&Radius=250,
,33101,,,ANPPS Parkland Soccer Club,,,5944 Coral Ridge Drive #216 Coral Springs, FL 33076,,,https://www.fysa.com/clubs/anpps-parkland-soccer-club/?Near=33101&Radius=250,
,33101,,,ASSPC Springs Soccer Club,,,11340 Heron Bay Blvd Coral Springs, FL 33076,,,https://www.fysa.com/clubs/asspc-springs-soccer-club/?Near=33101&Radius=250,
,33101,,,ANISA International Soccer Association,,,9400 West Palmetto Park Road Boca Raton, FL 33428,,,https://www.fysa.com/clubs/anisa-international-soccer-association/?Near=33101&Radius=250,
,33101,,,ANUTD Greater Boca YSA,,,PO Box 880544 Boca Raton, FL 33488,,,https://www.fysa.com/clubs/anutd-greater-boca-ysa/?Near=33101&Radius=250,
,33101,,,ANCBF CBF School Boca Raton,,,10333 Diego Drive South Boca Raton, 0 33428,,,https://www.fysa.com/clubs/ancbf-cbf-school-boca-raton/?Near=33101&Radius=250,
,33101,,,ANSFE South Florida Elite FC,,,11500 Yamato Road Boca Raton, FL 33498,,,https://www.fysa.com/clubs/ansfe-south-florida-elite-fc/?Near=33101&Radius=250,
,33101,,,ANBRY Team Boca-SABR,,,7491 N. Federal Highway Ste C5-288 Boca Raton, FL 33487,,,https://www.fysa.com/clubs/anbry-team-boca-sabr/?Near=33101&Radius=250,
,33101,,,ANDBS AC Delray, Inc.,,,2505 Seacrest Boulevard Delray Beach, FL 33444,,,https://www.fysa.com/clubs/andbs-ac-delray-inc/?Near=33101&Radius=250,
,33101,,,ANBFC Boynton United FC,,,7345 Burgess Dr. Lake Worth, FL 33467,,,https://www.fysa.com/clubs/anbfc-boynton-united-fc/?Near=33101&Radius=250,
,33101,,,ANBBK Boynton Beach Knights,,,6585 Hypoluxo Road, #352 Lake Worth, FL 33467,,,https://www.fysa.com/clubs/anbbk-boynton-beach-knights-fysa/?Near=33101&Radius=250,
,33101,,,ANLWS Lake Worth Sharks,,,5300 Lantana Road Greenacres, FL 33463,,,https://www.fysa.com/clubs/anlws-lake-worth-sharks/?Near=33101&Radius=250,
,33101,,,Florida Keys Soccer Club,,,228 S Coconut Palm Blvd Tavernier, FL 33070,,,https://www.fysa.com/clubs/florida-keys-soccer-club/?Near=33101&Radius=250,
,33101,,,ANWSC Wellington SC,,,PO Box 211855 Royal Palm Beach, FL 33421,,,https://www.fysa.com/clubs/anwsc-wellington-sc/?Near=33101&Radius=250,
,33101,,,ANRPB Royal Palm Beach Strikers,,,100 Sweet Bay Lane Royal Palm Beach, FL 33411,,,https://www.fysa.com/clubs/anrpb-royal-palm-beach-strikers/?Near=33101&Radius=250,
,33101,,,Palm Beach Rush,,,340 Seaview Ave Palm Beach, FL 33480,,,https://www.fysa.com/clubs/palm-beach-rush/?Near=33101&Radius=250,
,33101,,,ANPBK Palm Beach Kicks,,,7301 Haverhill Road West Palm Beach, FL 33412,,,https://www.fysa.com/clubs/anpbk-palm-beach-kicks/?Near=33101&Radius=250,
,33101,,,ANPBG Palm Beach Gardens YSA,,,5101 117th Court North Palm Beach Gardens, FL 33418,,,https://www.fysa.com/clubs/anpbg-palm-beach-gardens-ysa/?Near=33101&Radius=250,
,33101,,,ANESA Elite Soccer Academy,,,5100 N. Haverhill Rd West Palm Beach , FL 33407,,,https://www.fysa.com/clubs/anesa-elite-soccer-academy/?Near=33101&Radius=250,
,33101,,,ANJUS Jupiter United Soccer,,,3377 Church St Jupiter, FL 33458,,,https://www.fysa.com/clubs/anjus-jupiter-united-soccer/?Near=33101&Radius=250,
,33101,,,ANIWS Indiantown Warriors Soccer Club,,,15205 SW Indian Mound Drive Indiantown, FL 34956,,,https://www.fysa.com/clubs/aniws-indiantown-warriors-soccer-club/?Near=33101&Radius=250,
,33101,,,CSISP the Soccer Pit Youth Athletic Club,,,505 Escambia Street Immokalee, FL 34142,,,https://www.fysa.com/clubs/csisp-the-soccer-pit-youth-athletic-club/?Near=33101&Radius=250,
,33101,,,ANHSS Hobe Sound SC,,,8771 SE Bridge Road Suite 215,,,https://www.fysa.com/clubs/anhss-hobe-sound-sc/?Near=33101&Radius=250,
,33101,,,ANTCU Treasure Coast United,,,6155 SW Leighton Farm Ave Palm City, FL 34990,,,https://www.fysa.com/clubs/antcu-treasure-coast-united/?Near=33101&Radius=250,
,33101,,,CSOCM Optimist Club of Marco Island,,,1361 Andalusia Terrace Marco Island, FL 34145,,,https://www.fysa.com/clubs/csocm-optimist-club-of-marco-island/?Near=33101&Radius=250,
,33101,,,J Petrov Academy,,,4120 SW Moore St Palm City, FL 34990,,,https://www.fysa.com/clubs/j-petrov-academy/?Near=33101&Radius=250,
,33101,,,Naples United FC,,,3940 City Gate Blvd SN Naples, FL 34119,,,https://www.fysa.com/clubs/naples-united-fc/?Near=33101&Radius=250,
,33101,,,ANMUS Martin United Soccer Club,,,2050 SW Mapp Road Palm City, FL 34990,,,https://www.fysa.com/clubs/anmus-martin-united-soccer-club/?Near=33101&Radius=250,
,33101,,,ANJBY Jensen Beach SC,,,PO Box 614 Jensen Beach, FL 34958,,,https://www.fysa.com/clubs/anjby-jensen-beach-sc/?Near=33101&Radius=250,
,33101,,,CSOCN Optimist Club of Naples,,,6231 Arbor Blvd West Naples, FL 34119,,,https://www.fysa.com/clubs/csocn-optimist-club-of-naples/?Near=33101&Radius=250,
,33101,,,CSNYS Florida West FC Naples,,,15000 Livingston Road Naples, FL 34109,,,https://www.fysa.com/clubs/csnys-florida-west-fc-naples/?Near=33101&Radius=250,
,33101,,,CSASS Azzurri Storm Soccer, Inc.,,,27200 Kent Road Bonita Springs, FL 34135,,,https://www.fysa.com/clubs/csass-azzurri-storm-soccer-inc/?Near=33101&Radius=250,
,33101,,,ANPSL PSL Soccer Club/Hurricanes, Inc.,,,700 SW Carmelite Street Port St. Lucie, FL 34983,,,https://www.fysa.com/clubs/anpsl-psl-soccer-clubhurricanes-inc/?Near=33101&Radius=250,
,33101,,,CSLHA Lehigh YSA,,,PO Box 1414 Lehigh, FL 33970,,,https://www.fysa.com/clubs/cslha-lehigh-ysa/?Near=33101&Radius=250,
,33101,,,ANMSC Mako Soccer Club,,,PO Box 880262 Port St. Lucie, FL 34988,,,https://www.fysa.com/clubs/anmsc-mako-soccer-club/?Near=33101&Radius=250,
,33101,,,CSSCP San Carlos Park Scorpion SC,,,18251 Three Oaks Parkway Fort Myers, FL 33912,,,https://www.fysa.com/clubs/csscp-san-carlos-park-scorpion-sc/?Near=33101&Radius=250,
,33101,,,CSBSW Bonita Springs Wildcats,,,4701 Via Del Corso Lane Bonita Springs, FL 34134,,,https://www.fysa.com/clubs/csbsw-bonita-springs-wildcats/?Near=33101&Radius=250,
,33101,,,CSNFM Florida West FC,,,11500 Fenway S Drive Fort Myers, FL 33913,,,https://www.fysa.com/clubs/csnfm-florida-west-fc/?Near=33101&Radius=250,
,33101,,,CSLCS Lee County Strikers,,,10750 Kelly Road Fort Myers, FL 33908,,,https://www.fysa.com/clubs/cslcs-lee-county-strikers/?Near=33101&Radius=250,
,33101,,,CSBSC Fort Myers Beach Soccer,,,10750 Kelly Road Fort Myers, FL 33908,,,https://www.fysa.com/clubs/csbsc-fort-myers-beach-soccer/?Near=33101&Radius=250,
,33101,,,CSCCS Cape Coral SA,,,P.O. Box 100732 Cape Coral, FL 33910,,,https://www.fysa.com/clubs/csccs-cape-coral-sa/?Near=33101&Radius=250,
,33101,,,BSIRS Indian River Soccer Association,,,PO Box 650611 Vero Beach, FL 32965,,,https://www.fysa.com/clubs/bsirs-indian-river-soccer-association/?Near=33101&Radius=250,
,33101,,,CSSRS Heartland SC,,,216 Sheriff Tower Rd Sebring, FL 33872,,,https://www.fysa.com/clubs/cssrs-heartland-sc/?Near=33101&Radius=250,
,33101,,,BSSSA Sebastian Soccer Club,,,PO Box 780742 Sebastian, FL 32978,,,https://www.fysa.com/clubs/bsssa-sebastian-soccer-club/?Near=33101&Radius=250,
,33101,,,CSCSF Charlotte County Soccer Federation,,,18245 Paulson Drive Port Charlotte, FL 33954,,,https://www.fysa.com/clubs/cscsf-charlotte-county-soccer-federation/?Near=33101&Radius=250,
,33101,,,CSNPS North Port Fusion FC,,,7508 Glenallen Blvd North Port, FL 34287,,,https://www.fysa.com/clubs/csnps-north-port-fusion-fc/?Near=33101&Radius=250,
,33101,,,CSEYS Englewood Youth Soccer Association,,,PO Box 1634 Englewood, FL 34223,,,https://www.fysa.com/clubs/cseys-englewood-youth-soccer-association/?Near=33101&Radius=250,
,33101,,,BSBSA Brevard SA,,,PO Box 120125 Melbourne, FL 32912,,,https://www.fysa.com/clubs/bsbsa-brevard-sa/?Near=33101&Radius=250,
,33101,,,Indialantic Youth Soccer Association,,,PO Box 33612 Indialantic, FL 32903,,,https://www.fysa.com/clubs/indialantic-youth-soccer-association/?Near=33101&Radius=250,
,33101,,,CSVYS Venice Area YSA,,,1251 Pinebrook Road Venice, FL 34285,,,https://www.fysa.com/clubs/csvys-venice-area-ysa/?Near=33101&Radius=250,
,33101,,,CNRSA Lake Wales SC,,,151 Hunt Brothers Road Lake Wales, FL 33853,,,https://www.fysa.com/clubs/cnrsa-lake-wales-sc/?Near=33101&Radius=250,
,33101,,,BSSAB Brevard Beachside Soccer Club, Inc.,,,PO Box 372032 Satellite Beach, FL 32937,,,https://www.fysa.com/clubs/bssab-brevard-beachside-soccer-club-inc/?Near=33101&Radius=250,
,33101,,,BSSCU Space Coast United SC,,,PO Box 410301 Melbourne, FL 32941,,,https://www.fysa.com/clubs/bsscu-space-coast-united-sc/?Near=33101&Radius=250,
,33101,,,CNCSC2 Chargers Soccer Club - Lakewood Ranch,,,5895 Post Blvd Lakewood Ranch, FL 34211,,,https://www.fysa.com/clubs/cncsc2-chargers-soccer-club---lakewood-ranch/?Near=33101&Radius=250,
,33101,,,CSSSC Sarasota Spartans,,,1370 Gun Club Road Sarasota, FL 34232,,,https://www.fysa.com/clubs/csssc-sarasota-spartans/?Near=33101&Radius=250,
,33101,,,CNPRS Bartow SC,,,PO Box 2314 Bartow, FL 33830,,,https://www.fysa.com/clubs/cnprs-bartow-sc/?Near=33101&Radius=250,
,33101,,,CSBRS Braden River SC,,,11523 Palmbrush Trail #212 Bradenton, FL 34202,,,https://www.fysa.com/clubs/csbrs-braden-river-sc/?Near=33101&Radius=250,
,33101,,,CSSUS FC Sarasota, Inc.,,,PO Box 17936 Sarasota, FL 34276,,,https://www.fysa.com/clubs/cssus-fc-sarasota-inc/?Near=33101&Radius=250,
,33101,,,BSPSJ Port St. John SC,,,PO Box 237233 Cocoa, FL 32923,,,https://www.fysa.com/clubs/bspsj-port-st-john-sc/?Near=33101&Radius=250,
,33101,,,CNWHY Winter Haven Youth Soccer,,,2670 Trinity Cir NW Apt C,,,https://www.fysa.com/clubs/cnwhy-winter-haven-youth-soccer/?Near=33101&Radius=250,
,33101,,,BSSCS Soccer Club of St Cloud,,,PO Box 701835 St. Cloud, FL 34770,,,https://www.fysa.com/clubs/bsscs-soccer-club-of-st-cloud/?Near=33101&Radius=250,
,33101,,,CNAYS Auburndale Youth SC,,,PO Box 1749 Auburndale, FL 33823,,,https://www.fysa.com/clubs/cnays-auburndale-youth-sc/?Near=33101&Radius=250,
,33101,,,CNRYS Rural YSA,,,5705 Hillsborough Street Wimauma, FL 33598,,,https://www.fysa.com/clubs/cnrys-rural-ysa/?Near=33101&Radius=250,
,33101,,,CSASA IMG Soccer Academy,,,5650 Bollettieri Blvd Bradenton, FL 34210,,,https://www.fysa.com/clubs/csasa-img-soccer-academy/?Near=33101&Radius=250,
,33101,,,CSMYS Manatee Area YSA,,,PO Box 1333 Bradenton, FL 34206,,,https://www.fysa.com/clubs/csmys-manatee-area-ysa/?Near=33101&Radius=250,
,33101,,,BSBAO Barca Academy Orlando,,,4100 Boggy Creek Rd Orlando, FL 34744,,,https://www.fysa.com/clubs/bsbao-barca-academy-orlando/?Near=33101&Radius=250,
,33101,,,Nona Soccer Academy,,,4100 Boggy Creek Rd Kissimmee, FL 34743,,,https://www.fysa.com/clubs/nona-soccer-academy/?Near=33101&Radius=250,
,33101,,,Swan City SC,,,1125 Bartow Road Ste 301 Lakeland, FL 33801,,,https://www.fysa.com/clubs/swan-city-sc/?Near=33101&Radius=250,
,33101,,,CSMSL Manasota Youth Soccer,,,PO Box 306 Palmetto, FL 34220,,,https://www.fysa.com/clubs/csmsl-manasota-youth-soccer/?Near=33101&Radius=250,
,33101,,,CNSSC - Spartan Soccer Club,,,6302 Old Kissimmee Rd. Davenport, FL 33896,,,https://www.fysa.com/clubs/cnssc---spartan-soccer-club/?Near=33101&Radius=250,
,33101,,,CSFHY Florida Hawks Futbol Club,,,16112 Fishhawk Blvd Lithia, FL 33547,,,https://www.fysa.com/clubs/csfhy-florida-hawks-futbol-club/?Near=33101&Radius=250,
,33101,,,CNNLY North Lakeland Youth Soccer,,,PO Box 91987 Lakeland, FL 33804,,,https://www.fysa.com/clubs/cnnly-north-lakeland-youth-soccer/?Near=33101&Radius=250,
,33101,,,Orlando City Soccer School- Lake Nona,,,11485 Moss Park Rd Orlando, FL 32832,,,https://www.fysa.com/clubs/orlando-city-soccer-school--lake-nona/?Near=33101&Radius=250,
,33101,,,BSHCS Hunter's Creek SC,,,14101 Town Loop Blvd Orlando, FL 32837,,,https://www.fysa.com/clubs/bshcs-hunters-creek-sc/?Near=33101&Radius=250,
,33101,,,CNPCL Plant City FC,,,PO Box 3479 Plant City, FL 33563,,,https://www.fysa.com/clubs/cnpcl-plant-city-fc/?Near=33101&Radius=250,
,33101,,,CNVSC Tampa Dynamo FC,,,2406 E State Rd 60 #1761 Valrico, FL 33594,,,https://www.fysa.com/clubs/cnvsc-tampa-dynamo-fc/?Near=33101&Radius=250,
,33101,,,My Soccer Academy,,,11435 Rocket Blvd #104 Orlando, FL 32824,,,https://www.fysa.com/clubs/my-soccer-academy/?Near=33101&Radius=250,
,33101,,,CNPCT Players Club of Tampa Bay,,,1850 Windingwood Ave Brandon, FL 33511,,,https://www.fysa.com/clubs/cnpct-players-club-of-tampa-bay/?Near=33101&Radius=250,
,33101,,,CSWFF West Florida Flames,,,PO Box 3322 Brandon, FL 33509,,,https://www.fysa.com/clubs/cswff-west-florida-flames/?Near=33101&Radius=250,
,33101,,,BSTSC Titusville Soccer Club,,,PO Box 683 Titusville, FL 32781,,,https://www.fysa.com/clubs/bstsc-titusville-soccer-club/?Near=33101&Radius=250,
,33101,,,CNFCF Four Corners Football Club,,,50901 US-27 Davenport, FL 33897,,,https://www.fysa.com/clubs/cnfcf-four-corners-football-club/?Near=33101&Radius=250,
,33101,,,BSSOS South Orlando SC,,,3701 Gatlin Ave Orlando, FL 32812,,,https://www.fysa.com/clubs/bssos-south-orlando-sc/?Near=33101&Radius=250,
,33101,,,BSSPA SportsParadize Soccer Academy,,,PO Box 721991 Orlando, FL 32872,,,https://www.fysa.com/clubs/bsspa-sportsparadize-soccer-academy/?Near=33101&Radius=250,
,33101,,,CSSOY Southside YSL,,,2001 Country Club Way S St. Petersburg, FL 33712,,,https://www.fysa.com/clubs/cssoy-southside-ysl/?Near=33101&Radius=250,
,33101,,,CSPPY Central Academy Youth Soccer Association,,,PO Box 15973 St. Petersburg, FL 33733,,,https://www.fysa.com/clubs/csppy-central-academy-youth-soccer-association/?Near=33101&Radius=250,
,33101,,,CSAZY Pinellas County United SC,,,PO Box 40343 St. Petersburg, FL 33743,,,https://www.fysa.com/clubs/csazy-pinellas-county-united-sc/?Near=33101&Radius=250,
,33101,,,CSNER St. Pete Raiders,,,PO Box 21432 St. Petersburg, FL 33742,,,https://www.fysa.com/clubs/csner-st-pete-raiders/?Near=33101&Radius=250,
,33101,,,BSFLR Florida Rush,,,7635 Ashley Park Ct, Suite 503-B Orlando, FL 32835,,,https://www.fysa.com/clubs/bsflr-florida-rush/?Near=33101&Radius=250,
,33101,,,BSFCH FC Highland,,,PO Box 1036 Windermere, FL 34786,,,https://www.fysa.com/clubs/bsfch-fc-highland/?Near=33101&Radius=250,
,33101,,,CNFSC Florida SC,,,PO Box 16344 Temple Terrace, FL 33687,,,https://www.fysa.com/clubs/cnfsc-florida-sc/?Near=33101&Radius=250,
,33101,,,BSFCA FC America,,,2014 Edgewater Dr #334,,,https://www.fysa.com/clubs/bsfca-fc-america/?Near=33101&Radius=250,
,33101,,,BSWPF Winter Park FC,,,Cady Way & Perth Ln Winter Park, FL 32792,,,https://www.fysa.com/clubs/bswpf-winter-park-fc/?Near=33101&Radius=250,
,33101,,,CSSFC Strictly Soccer FC,,,1815 77th Ave N St. Petersburg, FL 33702,,,https://www.fysa.com/clubs/cssfc-strictly-soccer-fc/?Near=33101&Radius=250,
,33101,,,BSCFS Florida Kraze Krush,,,50 Smith Street Oviedo, FL 32765,,,https://www.fysa.com/clubs/bscfs-florida-kraze-krush/?Near=33101&Radius=250,
,33101,,,BSACY Association of Christian Youth,,,151 N. Maitland Ave #948111 Maitland, FL 32794,,,https://www.fysa.com/clubs/bsacy-association-of-christian-youth/?Near=33101&Radius=250,
,33101,,,BSMAI Maitland Soccer Club,,,670 N Orlando Ave, Suite 101B Maitland, FL 32751,,,https://www.fysa.com/clubs/bsmai-maitland-soccer-club/?Near=33101&Radius=250,
,33101,,,CNCSC Chargers Soccer Club - Tampa,,,17302 Commerce Park Blvd. Tampa, FL 33647,,,https://www.fysa.com/clubs/cncsc-chargers-soccer-club---tampa/?Near=33101&Radius=250,
,33101,,,BSCFC Clermont Football Club,,,13900 CR 455 107-326 Clermont, FL 34711,,,https://www.fysa.com/clubs/bscfc-clermont-football-club/?Near=33101&Radius=250,
,33101,,,CNTNC Town N' Country,,,7022 Soccer Lane Tampa, FL 33634,,,https://www.fysa.com/clubs/cntnc-town-n-country/?Near=33101&Radius=250,
,33101,,,CNTBU Tampa Bay United,,,PO Box 272051 Tampa, FL 33688,,,https://www.fysa.com/clubs/cntbu-tampa-bay-united/?Near=33101&Radius=250,
,33101,,,BSAFC Apopka FC,,,645 Executive Park CT Apopka, FL 32703,,,https://www.fysa.com/clubs/bsafc-apopka-fc/?Near=33101&Radius=250,
,33101,,,CSSSS Seminole Shooting Stars SA,,,PO Box 7917 Seminole, FL 33775,,,https://www.fysa.com/clubs/cssss-seminole-shooting-stars-sa/?Near=33101&Radius=250,
,33101,,,CSSYA SYAA Seminole Santos,,,12100 90th Ave N Seminole, FL 33772,,,https://www.fysa.com/clubs/cssya-syaa-seminole-santos/?Near=33101&Radius=250,
,33101,,,CNWCA WCAA Wesley Chapel SC,,,7727 Boyette Road Wesley Chapel, FL 33543,,,https://www.fysa.com/clubs/cnwca-wcaa-wesley-chapel-sc/?Near=33101&Radius=250,
,33101,,,CNCSC3 Chargers Soccer Club - Clearwater,,,3060 Drew Street Clearwater, FL 33759,,,https://www.fysa.com/clubs/cncsc3-chargers-soccer-club---clearwater/?Near=33101&Radius=250,
,33101,,,CNFCT FC Tampa,,,1601 Osprey Ln Lutz, FL 33549,,,https://www.fysa.com/clubs/cnfct-fc-tampa/?Near=33101&Radius=250,
,33101,,,CNEPY East Pasco YSL,,,13220 Gene Nelson Blvd Dade City, FL 33525,,,https://www.fysa.com/clubs/cnepy-east-pasco-ysl/?Near=33101&Radius=250,
,33101,,,BACSC Central Florida SC,,,PO Box 531 Apopka, 0 32704,,,https://www.fysa.com/clubs/bacsc-central-florida-sc/?Near=33101&Radius=250,
,33101,,,CSLAR Largo United SC,,,PO Box 952 Largo, FL 33771,,,https://www.fysa.com/clubs/cslar-largo-united-sc/?Near=33101&Radius=250,
,33101,,,CSCFL Celtic FC Florida,,,13801 Walsingham Road A-108 Largo, FL 33774,,,https://www.fysa.com/clubs/cscfl-celtic-fc-florida/?Near=33101&Radius=250,
,33101,,,CNOLS Oldsmar SC,,,PO Box 346 Oldsmar, FL 34677,,,https://www.fysa.com/clubs/cnols-oldsmar-sc/?Near=33101&Radius=250,
,33101,,,CNDUN Dunedin Stirling SC,,,981 Jerry Lake Ct Dunedin, FL 34698,,,https://www.fysa.com/clubs/cndun-dunedin-stirling-sc/?Near=33101&Radius=250,
,33101,,,BSOCY Orlando City Youth Soccer,,,1900 Seminole Soccer Loop Sanford, FL 32771,,,https://www.fysa.com/clubs/bsocy-orlando-city-youth-soccer/?Near=33101&Radius=250,
,33101,,,CNTSS Tarpon Springs YSA,,,PO Box 848 Tarpon Springs, FL 34688,,,https://www.fysa.com/clubs/cntss-tarpon-springs-ysa/?Near=33101&Radius=250,
,33101,,,CSWFF2 West Florida Flames,,,3555 Old Keystone Road Tarpon Springs, FL 346889,,,https://www.fysa.com/clubs/cswff-east-lake-campus/?Near=33101&Radius=250,
,33101,,,BNDEL Deltona YSC,,,1200 Saxon Boulevard Deltona, FL 32725,,,https://www.fysa.com/clubs/-bndel-deltona-ysc/?Near=33101&Radius=250,
,33101,,,BSLCS Lake County Soccer,,,27343 SR 19 Tavares, FL 32778,,,https://www.fysa.com/clubs/bslcs-lake-county-soccer/?Near=33101&Radius=250,
,33101,,,CNFPF Florida Premier FC,,,PO Box 1965 New Port Richey, FL 34656,,,https://www.fysa.com/clubs/cnfpf-florida-premier-fc/?Near=33101&Radius=250,
,33101,,,BNSVC Southeast Volusia SC,,,1800 Turnbull Bay Road New Smyrna Beach, FL 32168,,,https://www.fysa.com/clubs/bnsvc-southeast-volusia-sc/?Near=33101&Radius=250,
,33101,,,CNHYS Florida Coast Futbol Club,,,9025 Star Trail New Port Richey, FL 34654,,,https://www.fysa.com/clubs/cnhys-florida-coast-futbol-club/?Near=33101&Radius=250,
,33101,,,CNBSA HYL Brooksville United Soccer Association,,,273 West Jefferson Street Brooksville, FL 34601,,,https://www.fysa.com/clubs/cnbsa-hyl-brooksville-united-soccer-association/?Near=33101&Radius=250,
,33101,,,Stetson FA,,,PO Box 3702 Deland, FL 32721,,,https://www.fysa.com/clubs/stetson-fa/?Near=33101&Radius=250,
,33101,,,CNFHS First Hernando YSC,,,PO Box 15691 Spring Hill, FL 34604,,,https://www.fysa.com/clubs/cnfhs-first-hernando-ysc/?Near=33101&Radius=250,
,33101,,,BSBAR Barcelona Soccer Academy,,,40730 Roger Giles Rd Umatilla, FL 32784,,,https://www.fysa.com/clubs/bsbar-barcelona-soccer-academy/?Near=33101&Radius=250,
,33101,,,BNPOS Port Orange SC,,,1200 Richel Rd Port Orange, FL 32129,,,https://www.fysa.com/clubs/bnpos-port-orange-sc/?Near=33101&Radius=250,
,33101,,,BNVIL Villages Soccer Club,,,17690 S US HWY 301 Summerfield, FL 34491,,,https://www.fysa.com/clubs/bnvil-villages-soccer-club/?Near=33101&Radius=250,
,33901,,,CSCCS Cape Coral SA,,,P.O. Box 100732 Cape Coral, FL 33910,,,https://www.fysa.com/clubs/csccs-cape-coral-sa/?Near=33901&Radius=250,
,33901,,,CSLCS Lee County Strikers,,,10750 Kelly Road Fort Myers, FL 33908,,,https://www.fysa.com/clubs/cslcs-lee-county-strikers/?Near=33901&Radius=250,
,33901,,,CSBSC Fort Myers Beach Soccer,,,10750 Kelly Road Fort Myers, FL 33908,,,https://www.fysa.com/clubs/csbsc-fort-myers-beach-soccer/?Near=33901&Radius=250,
,33901,,,CSNFM Florida West FC,,,11500 Fenway S Drive Fort Myers, FL 33913,,,https://www.fysa.com/clubs/csnfm-florida-west-fc/?Near=33901&Radius=250,
,33901,,,CSSCP San Carlos Park Scorpion SC,,,18251 Three Oaks Parkway Fort Myers, FL 33912,,,https://www.fysa.com/clubs/csscp-san-carlos-park-scorpion-sc/?Near=33901&Radius=250,
,33901,,,CSLHA Lehigh YSA,,,PO Box 1414 Lehigh, FL 33970,,,https://www.fysa.com/clubs/cslha-lehigh-ysa/?Near=33901&Radius=250,
,33901,,,CSBSW Bonita Springs Wildcats,,,4701 Via Del Corso Lane Bonita Springs, FL 34134,,,https://www.fysa.com/clubs/csbsw-bonita-springs-wildcats/?Near=33901&Radius=250,
,33901,,,CSASS Azzurri Storm Soccer, Inc.,,,27200 Kent Road Bonita Springs, FL 34135,,,https://www.fysa.com/clubs/csass-azzurri-storm-soccer-inc/?Near=33901&Radius=250,
,33901,,,CSNYS Florida West FC Naples,,,15000 Livingston Road Naples, FL 34109,,,https://www.fysa.com/clubs/csnys-florida-west-fc-naples/?Near=33901&Radius=250,
,33901,,,CSOCN Optimist Club of Naples,,,6231 Arbor Blvd West Naples, FL 34119,,,https://www.fysa.com/clubs/csocn-optimist-club-of-naples/?Near=33901&Radius=250,
,33901,,,CSISP the Soccer Pit Youth Athletic Club,,,505 Escambia Street Immokalee, FL 34142,,,https://www.fysa.com/clubs/csisp-the-soccer-pit-youth-athletic-club/?Near=33901&Radius=250,
,33901,,,CSCSF Charlotte County Soccer Federation,,,18245 Paulson Drive Port Charlotte, FL 33954,,,https://www.fysa.com/clubs/cscsf-charlotte-county-soccer-federation/?Near=33901&Radius=250,
,33901,,,Naples United FC,,,3940 City Gate Blvd SN Naples, FL 34119,,,https://www.fysa.com/clubs/naples-united-fc/?Near=33901&Radius=250,
,33901,,,CSEYS Englewood Youth Soccer Association,,,PO Box 1634 Englewood, FL 34223,,,https://www.fysa.com/clubs/cseys-englewood-youth-soccer-association/?Near=33901&Radius=250,
,33901,,,CSNPS North Port Fusion FC,,,7508 Glenallen Blvd North Port, FL 34287,,,https://www.fysa.com/clubs/csnps-north-port-fusion-fc/?Near=33901&Radius=250,
,33901,,,CSVYS Venice Area YSA,,,1251 Pinebrook Road Venice, FL 34285,,,https://www.fysa.com/clubs/csvys-venice-area-ysa/?Near=33901&Radius=250,
,33901,,,CSOCM Optimist Club of Marco Island,,,1361 Andalusia Terrace Marco Island, FL 34145,,,https://www.fysa.com/clubs/csocm-optimist-club-of-marco-island/?Near=33901&Radius=250,
,33901,,,CSSSC Sarasota Spartans,,,1370 Gun Club Road Sarasota, FL 34232,,,https://www.fysa.com/clubs/csssc-sarasota-spartans/?Near=33901&Radius=250,
,33901,,,CSSUS FC Sarasota, Inc.,,,PO Box 17936 Sarasota, FL 34276,,,https://www.fysa.com/clubs/cssus-fc-sarasota-inc/?Near=33901&Radius=250,
,33901,,,CNCSC2 Chargers Soccer Club - Lakewood Ranch,,,5895 Post Blvd Lakewood Ranch, FL 34211,,,https://www.fysa.com/clubs/cncsc2-chargers-soccer-club---lakewood-ranch/?Near=33901&Radius=250,
,33901,,,CSBRS Braden River SC,,,11523 Palmbrush Trail #212 Bradenton, FL 34202,,,https://www.fysa.com/clubs/csbrs-braden-river-sc/?Near=33901&Radius=250,
,33901,,,CSSRS Heartland SC,,,216 Sheriff Tower Rd Sebring, FL 33872,,,https://www.fysa.com/clubs/cssrs-heartland-sc/?Near=33901&Radius=250,
,33901,,,CSASA IMG Soccer Academy,,,5650 Bollettieri Blvd Bradenton, FL 34210,,,https://www.fysa.com/clubs/csasa-img-soccer-academy/?Near=33901&Radius=250,
,33901,,,CSMYS Manatee Area YSA,,,PO Box 1333 Bradenton, FL 34206,,,https://www.fysa.com/clubs/csmys-manatee-area-ysa/?Near=33901&Radius=250,
,33901,,,CSMSL Manasota Youth Soccer,,,PO Box 306 Palmetto, FL 34220,,,https://www.fysa.com/clubs/csmsl-manasota-youth-soccer/?Near=33901&Radius=250,
,33901,,,CNRYS Rural YSA,,,5705 Hillsborough Street Wimauma, FL 33598,,,https://www.fysa.com/clubs/cnrys-rural-ysa/?Near=33901&Radius=250,
,33901,,,CSFHY Florida Hawks Futbol Club,,,16112 Fishhawk Blvd Lithia, FL 33547,,,https://www.fysa.com/clubs/csfhy-florida-hawks-futbol-club/?Near=33901&Radius=250,
,33901,,,CNPRS Bartow SC,,,PO Box 2314 Bartow, FL 33830,,,https://www.fysa.com/clubs/cnprs-bartow-sc/?Near=33901&Radius=250,
,33901,,,CNRSA Lake Wales SC,,,151 Hunt Brothers Road Lake Wales, FL 33853,,,https://www.fysa.com/clubs/cnrsa-lake-wales-sc/?Near=33901&Radius=250,
,33901,,,CSSOY Southside YSL,,,2001 Country Club Way S St. Petersburg, FL 33712,,,https://www.fysa.com/clubs/cssoy-southside-ysl/?Near=33901&Radius=250,
,33901,,,ANIWS Indiantown Warriors Soccer Club,,,15205 SW Indian Mound Drive Indiantown, FL 34956,,,https://www.fysa.com/clubs/aniws-indiantown-warriors-soccer-club/?Near=33901&Radius=250,
,33901,,,CSPPY Central Academy Youth Soccer Association,,,PO Box 15973 St. Petersburg, FL 33733,,,https://www.fysa.com/clubs/csppy-central-academy-youth-soccer-association/?Near=33901&Radius=250,
,33901,,,CSNER St. Pete Raiders,,,PO Box 21432 St. Petersburg, FL 33742,,,https://www.fysa.com/clubs/csner-st-pete-raiders/?Near=33901&Radius=250,
,33901,,,CSAZY Pinellas County United SC,,,PO Box 40343 St. Petersburg, FL 33743,,,https://www.fysa.com/clubs/csazy-pinellas-county-united-sc/?Near=33901&Radius=250,
,33901,,,CNPCT Players Club of Tampa Bay,,,1850 Windingwood Ave Brandon, FL 33511,,,https://www.fysa.com/clubs/cnpct-players-club-of-tampa-bay/?Near=33901&Radius=250,
,33901,,,CNVSC Tampa Dynamo FC,,,2406 E State Rd 60 #1761 Valrico, FL 33594,,,https://www.fysa.com/clubs/cnvsc-tampa-dynamo-fc/?Near=33901&Radius=250,
,33901,,,CSWFF West Florida Flames,,,PO Box 3322 Brandon, FL 33509,,,https://www.fysa.com/clubs/cswff-west-florida-flames/?Near=33901&Radius=250,
,33901,,,ASWSS Weston Select Soccer Club,,,PO Box 266725 Weston, FL 33327,,,https://www.fysa.com/clubs/aswss-weston-select-soccer-club/?Near=33901&Radius=250,
,33901,,,Swan City SC,,,1125 Bartow Road Ste 301 Lakeland, FL 33801,,,https://www.fysa.com/clubs/swan-city-sc/?Near=33901&Radius=250,
,33901,,,CSSFC Strictly Soccer FC,,,1815 77th Ave N St. Petersburg, FL 33702,,,https://www.fysa.com/clubs/cssfc-strictly-soccer-fc/?Near=33901&Radius=250,
,33901,,,CNPCL Plant City FC,,,PO Box 3479 Plant City, FL 33563,,,https://www.fysa.com/clubs/cnpcl-plant-city-fc/?Near=33901&Radius=250,
,33901,,,CNNLY North Lakeland Youth Soccer,,,PO Box 91987 Lakeland, FL 33804,,,https://www.fysa.com/clubs/cnnly-north-lakeland-youth-soccer/?Near=33901&Radius=250,
,33901,,,CNWHY Winter Haven Youth Soccer,,,2670 Trinity Cir NW Apt C,,,https://www.fysa.com/clubs/cnwhy-winter-haven-youth-soccer/?Near=33901&Radius=250,
,33901,,,CNAYS Auburndale Youth SC,,,PO Box 1749 Auburndale, FL 33823,,,https://www.fysa.com/clubs/cnays-auburndale-youth-sc/?Near=33901&Radius=250,
,33901,,,ANPPS Parkland Soccer Club,,,5944 Coral Ridge Drive #216 Coral Springs, FL 33076,,,https://www.fysa.com/clubs/anpps-parkland-soccer-club/?Near=33901&Radius=250,
,33901,,,ANRPB Royal Palm Beach Strikers,,,100 Sweet Bay Lane Royal Palm Beach, FL 33411,,,https://www.fysa.com/clubs/anrpb-royal-palm-beach-strikers/?Near=33901&Radius=250,
,33901,,,ASWES Weston FC,,,4581 Weston Road #264 Weston, FL 33331,,,https://www.fysa.com/clubs/aswes-weston-fc/?Near=33901&Radius=250,
,33901,,,ASSPC Springs Soccer Club,,,11340 Heron Bay Blvd Coral Springs, FL 33076,,,https://www.fysa.com/clubs/asspc-springs-soccer-club/?Near=33901&Radius=250,
,33901,,,CSSSS Seminole Shooting Stars SA,,,PO Box 7917 Seminole, FL 33775,,,https://www.fysa.com/clubs/cssss-seminole-shooting-stars-sa/?Near=33901&Radius=250,
,33901,,,ANMSC Mako Soccer Club,,,PO Box 880262 Port St. Lucie, FL 34988,,,https://www.fysa.com/clubs/anmsc-mako-soccer-club/?Near=33901&Radius=250,
,33901,,,CNFSC Florida SC,,,PO Box 16344 Temple Terrace, FL 33687,,,https://www.fysa.com/clubs/cnfsc-florida-sc/?Near=33901&Radius=250,
,33901,,,CSSYA SYAA Seminole Santos,,,12100 90th Ave N Seminole, FL 33772,,,https://www.fysa.com/clubs/cssya-syaa-seminole-santos/?Near=33901&Radius=250,
,33901,,,ASWPU West Pines United FC,,,PO Box 821443 Pembroke Pines, FL 33082,,,https://www.fysa.com/clubs/aswpu-west-pines-united-fc/?Near=33901&Radius=250,
,33901,,,ASSTS Sunrise Youth Soccer,,,4577 N Nob Hill Road Suite 210 Sunrise, FL 33351,,,https://www.fysa.com/clubs/assts-sunrise-youth-soccer/?Near=33901&Radius=250,
,33901,,,J Petrov Academy,,,4120 SW Moore St Palm City, FL 34990,,,https://www.fysa.com/clubs/j-petrov-academy/?Near=33901&Radius=250,
,33901,,,ANWSC Wellington SC,,,PO Box 211855 Royal Palm Beach, FL 33421,,,https://www.fysa.com/clubs/anwsc-wellington-sc/?Near=33901&Radius=250,
,33901,,,ANSFE South Florida Elite FC,,,11500 Yamato Road Boca Raton, FL 33498,,,https://www.fysa.com/clubs/ansfe-south-florida-elite-fc/?Near=33901&Radius=250,
,33901,,,ANCSU Coral Springs United F.C.,,,3111 N. University Drive Suite 610,,,https://www.fysa.com/clubs/ancsu-coral-springs-united-fc/?Near=33901&Radius=250,
,33901,,,ANTCU Treasure Coast United,,,6155 SW Leighton Farm Ave Palm City, FL 34990,,,https://www.fysa.com/clubs/antcu-treasure-coast-united/?Near=33901&Radius=250,
,33901,,,ANPSL PSL Soccer Club/Hurricanes, Inc.,,,700 SW Carmelite Street Port St. Lucie, FL 34983,,,https://www.fysa.com/clubs/anpsl-psl-soccer-clubhurricanes-inc/?Near=33901&Radius=250,
,33901,,,ASEGL Paris Saint-Germain Academy Plantation,,,9840 NW 10th St Plantation, FL 33322,,,https://www.fysa.com/clubs/asegl-paris-saint-germain-academy-plantation/?Near=33901&Radius=250,
,33901,,,ANCBF CBF School Boca Raton,,,10333 Diego Drive South Boca Raton, 0 33428,,,https://www.fysa.com/clubs/ancbf-cbf-school-boca-raton/?Near=33901&Radius=250,
,33901,,,ASMOC Miramar Optimist,,,PO Box 277565 Miramar, FL 33027,,,https://www.fysa.com/clubs/asmoc-miramar-optimist/?Near=33901&Radius=250,
,33901,,,CNTNC Town N' Country,,,7022 Soccer Lane Tampa, FL 33634,,,https://www.fysa.com/clubs/cntnc-town-n-country/?Near=33901&Radius=250,
,33901,,,ASCLY City of Lauderhill Youth Soccer,,,7600 NW 50th Street Lauderhill, FL 33351,,,https://www.fysa.com/clubs/ascly-city-of-lauderhill-youth-soccer/?Near=33901&Radius=250,
,33901,,,CSCFL Celtic FC Florida,,,13801 Walsingham Road A-108 Largo, FL 33774,,,https://www.fysa.com/clubs/cscfl-celtic-fc-florida/?Near=33901&Radius=250,
,33901,,,CSLAR Largo United SC,,,PO Box 952 Largo, FL 33771,,,https://www.fysa.com/clubs/cslar-largo-united-sc/?Near=33901&Radius=250,
,33901,,,ANBFC Boynton United FC,,,7345 Burgess Dr. Lake Worth, FL 33467,,,https://www.fysa.com/clubs/anbfc-boynton-united-fc/?Near=33901&Radius=250,
,33901,,,ANISA International Soccer Association,,,9400 West Palmetto Park Road Boca Raton, FL 33428,,,https://www.fysa.com/clubs/anisa-international-soccer-association/?Near=33901&Radius=250,
,33901,,,CNCSC3 Chargers Soccer Club - Clearwater,,,3060 Drew Street Clearwater, FL 33759,,,https://www.fysa.com/clubs/cncsc3-chargers-soccer-club---clearwater/?Near=33901&Radius=250,
,33901,,,ANMUS Martin United Soccer Club,,,2050 SW Mapp Road Palm City, FL 34990,,,https://www.fysa.com/clubs/anmus-martin-united-soccer-club/?Near=33901&Radius=250,
,33901,,,ASEFU East Florida United,,,2100 NW 62ND AVE Margate, FL 33063,,,https://www.fysa.com/clubs/asefu-east-florida-united-/?Near=33901&Radius=250,
,33901,,,ASCCO Cooper City Optimist,,,10500 Stirling Road Cooper City, FL 33026,,,https://www.fysa.com/clubs/ascco-cooper-city-optimist/?Near=33901&Radius=250,
,33901,,,CNTBU Tampa Bay United,,,PO Box 272051 Tampa, FL 33688,,,https://www.fysa.com/clubs/cntbu-tampa-bay-united/?Near=33901&Radius=250,
,33901,,,ASLKS Miami Lakes United Soccer Club,,,16500 NW 87th Avenue Miami Lakes, FL 33018,,,https://www.fysa.com/clubs/aslks-miami-lakes-united-soccer-club/?Near=33901&Radius=250,
,33901,,,ASDUS Davie United SC,,,3801 S Pine Island Road Davie, FL 33328,,,https://www.fysa.com/clubs/asdus-davie-united-sc/?Near=33901&Radius=250,
,33901,,,ANUTD Greater Boca YSA,,,PO Box 880544 Boca Raton, FL 33488,,,https://www.fysa.com/clubs/anutd-greater-boca-ysa/?Near=33901&Radius=250,
,33901,,,ANBBK Boynton Beach Knights,,,6585 Hypoluxo Road, #352 Lake Worth, FL 33467,,,https://www.fysa.com/clubs/anbbk-boynton-beach-knights-fysa/?Near=33901&Radius=250,
,33901,,,ANMYS Margate Youth Soccer Association,,,655 SW 50th Ave Margate, FL 33068,,,https://www.fysa.com/clubs/anmys-margate-youth-soccer-association/?Near=33901&Radius=250,
,33901,,,ANLWS Lake Worth Sharks,,,5300 Lantana Road Greenacres, FL 33463,,,https://www.fysa.com/clubs/anlws-lake-worth-sharks/?Near=33901&Radius=250,
,33901,,,ANBTC Brazilian Twisters,,,3600 W Sample Road Coconut Creek, FL 33066,,,https://www.fysa.com/clubs/anbtc-brazilian-twisters/?Near=33901&Radius=250,
,33901,,,CNCSC Chargers Soccer Club - Tampa,,,17302 Commerce Park Blvd. Tampa, FL 33647,,,https://www.fysa.com/clubs/cncsc-chargers-soccer-club---tampa/?Near=33901&Radius=250,
,33901,,,ANPBK Palm Beach Kicks,,,7301 Haverhill Road West Palm Beach, FL 33412,,,https://www.fysa.com/clubs/anpbk-palm-beach-kicks/?Near=33901&Radius=250,
,33901,,,ASDSC Doral SC,,,5300 NW 102 Ave. Doral, FL 33178,,,https://www.fysa.com/clubs/asdsc-doral-sc/?Near=33901&Radius=250,
,33901,,,ANJUS Jupiter United Soccer,,,3377 Church St Jupiter, FL 33458,,,https://www.fysa.com/clubs/anjus-jupiter-united-soccer/?Near=33901&Radius=250,
,33901,,,CNOLS Oldsmar SC,,,PO Box 346 Oldsmar, FL 34677,,,https://www.fysa.com/clubs/cnols-oldsmar-sc/?Near=33901&Radius=250,
,33901,,,Davie Pal,,,4300 SW 57th Terrace Davie, FL 33314,,,https://www.fysa.com/clubs/davie-pal/?Near=33901&Radius=250,
,33901,,,ANJBY Jensen Beach SC,,,PO Box 614 Jensen Beach, FL 34958,,,https://www.fysa.com/clubs/anjby-jensen-beach-sc/?Near=33901&Radius=250,
,33901,,,ANPBG Palm Beach Gardens YSA,,,5101 117th Court North Palm Beach Gardens, FL 33418,,,https://www.fysa.com/clubs/anpbg-palm-beach-gardens-ysa/?Near=33901&Radius=250,
,33901,,,ASPPO Pembroke Pines Optimist,,,7400 Pines Blvd Pembroke Pines, FL 33024,,,https://www.fysa.com/clubs/asppo-pembroke-pines-optimist/?Near=33901&Radius=250,
,33901,,,Miami Rush Kendall SC,,,13350 SW 47 Street Miami, FL 33175,,,https://www.fysa.com/clubs/miami-rush-kendall-sc/?Near=33901&Radius=250,
,33901,,,CNDUN Dunedin Stirling SC,,,981 Jerry Lake Ct Dunedin, FL 34698,,,https://www.fysa.com/clubs/cndun-dunedin-stirling-sc/?Near=33901&Radius=250,
,33901,,,ASAMA Atletico de Madrid Academia Miami,,,8333 NW 53rd Street Doral, FL 33166,,,https://www.fysa.com/clubs/asama-atletico-de-madrid-academia-miami/?Near=33901&Radius=250,
,33901,,,ASDOC Driftwood Youth Sports Inc,,,6700 Garfield Street Hollywood, FL 33024,,,https://www.fysa.com/clubs/asdoc-driftwood-youth-sports-inc/?Near=33901&Radius=250,
,33901,,,ASWKO West Kendall Optimist,,,6125 SW 133rd Ave Miami, FL 33183,,,https://www.fysa.com/clubs/aswko-west-kendall-optimist/?Near=33901&Radius=250,
,33901,,,ANESA Elite Soccer Academy,,,5100 N. Haverhill Rd West Palm Beach , FL 33407,,,https://www.fysa.com/clubs/anesa-elite-soccer-academy/?Near=33901&Radius=250,
,33901,,,ANHSS Hobe Sound SC,,,8771 SE Bridge Road Suite 215,,,https://www.fysa.com/clubs/anhss-hobe-sound-sc/?Near=33901&Radius=250,
,33901,,,ASKHO Kendall Hammocks Lightning,,,14751 Hammocks Blvd Miami, FL 33196,,,https://www.fysa.com/clubs/askho-kendall-hammocks-lightning/?Near=33901&Radius=250,
,33901,,,ASBAM Barca Academy Pro Miami,,,PACE High School: 15600 NW 32nd Ave, Miami Gardens, FL 33054 Little Haiti Soccer Park: 6301 NE 2nd Ave, Miami, FL 33138,,,https://www.fysa.com/clubs/-asbam-barca-academy-pro-miami-/?Near=33901&Radius=250,
,33901,,,ASCES Coral Estates S.C.,,,1405 SW 97 Ave Miami, FL 33174,,,https://www.fysa.com/clubs/asces-coral-estates-sc/?Near=33901&Radius=250,
,33901,,,ASHSC PSG Academy FL,,,8011 SW 127th Avenue Miami, FL 33183,,,https://www.fysa.com/clubs/ashsc-psg-academy-fl/?Near=33901&Radius=250,
,33901,,,ANDBS AC Delray, Inc.,,,2505 Seacrest Boulevard Delray Beach, FL 33444,,,https://www.fysa.com/clubs/andbs-ac-delray-inc/?Near=33901&Radius=250,
,33901,,,ANBRY Team Boca-SABR,,,7491 N. Federal Highway Ste C5-288 Boca Raton, FL 33487,,,https://www.fysa.com/clubs/anbry-team-boca-sabr/?Near=33901&Radius=250,
,33901,,,ASMSS Miami Springs Soccer,,,6498 NW 38th Terrace Virginia Gardens, FL 33166,,,https://www.fysa.com/clubs/asmss-miami-springs-soccer/?Near=33901&Radius=250,
,33901,,,ASUYS South Dade United,,,12973 SW 112 St. #189 Miami, FL 33186,,,https://www.fysa.com/clubs/asuys-south-dade-united/?Near=33901&Radius=250,
,33901,,,ASSKS South Kendall Sunblazer Soccer Club, Inc.,,,11035 SW 84 Street Miami, FL 33176,,,https://www.fysa.com/clubs/assks-south-kendall-sunblazer-soccer-club-inc/?Near=33901&Radius=250,
,33901,,,ASSBS SunBlazer Club Soccer,,,11035 SW 84 Street Miami, FL 33176,,,https://www.fysa.com/clubs/assbs-sunblazer-club-soccer/?Near=33901&Radius=250,
,33901,,,CNFCT FC Tampa,,,1601 Osprey Ln Lutz, FL 33549,,,https://www.fysa.com/clubs/cnfct-fc-tampa/?Near=33901&Radius=250,
,33901,,,Colo Colo Soccer Academy USA,,,Frank McDonough Park 3500 NE 27th Ave,,,https://www.fysa.com/clubs/colo-colo-soccer-academy-usa/?Near=33901&Radius=250,
,33901,,,ASMSF Miami Strike Force,,,13450 SW 134 Ave. Suite 2B Miami, FL 33186,,,https://www.fysa.com/clubs/asmsf-miami-strike-force/?Near=33901&Radius=250,
,33901,,,CNSSC - Spartan Soccer Club,,,6302 Old Kissimmee Rd. Davenport, FL 33896,,,https://www.fysa.com/clubs/cnssc---spartan-soccer-club/?Near=33901&Radius=250,
,33901,,,Palm Beach Rush,,,340 Seaview Ave Palm Beach, FL 33480,,,https://www.fysa.com/clubs/palm-beach-rush/?Near=33901&Radius=250,
,33901,,,ASFLS Fort Lauderdale Select FC,,,1401 East Broward Blvd Suite 206 Ft. Lauderdale, FL 33301,,,https://www.fysa.com/clubs/asfls-fort-lauderdale-select-fc/?Near=33901&Radius=250,
,33901,,,Miami Athletic Club,,,11011 SW 104th St Miami, FL 33176,,,https://www.fysa.com/clubs/miami-athletic-club/?Near=33901&Radius=250,
,33901,,,ASTRP Tropical Soccer,,,7900 Bird Road Miami, FL 33155,,,https://www.fysa.com/clubs/astrp-tropical-soccer/?Near=33901&Radius=250,
,33901,,,Hollywood FC,,,2310 N 23rd Avenue Hollywood, FL 33020,,,https://www.fysa.com/clubs/hollywood-fc/?Near=33901&Radius=250,
,33901,,,BSIRS Indian River Soccer Association,,,PO Box 650611 Vero Beach, FL 32965,,,https://www.fysa.com/clubs/bsirs-indian-river-soccer-association/?Near=33901&Radius=250,
,33901,,,ASCTC CTC Bandits FC,,,2100 Johnson Street Hollywood, FL 33020,,,https://www.fysa.com/clubs/asctc-ctc-bandits-fc/?Near=33901&Radius=250,
,33901,,,ASIVE Ives Estate,,,20901 NE 16th Ave Miami, FL 33179,,,https://www.fysa.com/clubs/asive-ives-estate/?Near=33901&Radius=250,
,33901,,,ASMST Miami Stars Soccer,,,1404 S Gabriel Street Hollywood, FL 33020,,,https://www.fysa.com/clubs/asmst-miami-stars-soccer/?Near=33901&Radius=250,
,33901,,,CNTSS Tarpon Springs YSA,,,PO Box 848 Tarpon Springs, FL 34688,,,https://www.fysa.com/clubs/cntss-tarpon-springs-ysa/?Near=33901&Radius=250,
,33901,,,ASBST Brazilian Soccer Training,,,20300 NE 24th Avenue Aventura, FL 33180,,,https://www.fysa.com/clubs/asbst-brazilian-soccer-training/?Near=33901&Radius=250,
,33901,,,ASHBS City of Hallandale Beach,,,410 SE 3rd Street Hallandale Beach, FL 33009,,,https://www.fysa.com/clubs/ashbs-city-of-hallandale-beach/?Near=33901&Radius=250,
,33901,,,ASSPF Soccer Paradise,,,13100 NE 8th Avenue North Miami, FL 33161,,,https://www.fysa.com/clubs/asspf-soccer-paradise/?Near=33901&Radius=250,
,33901,,,CSWFF2 West Florida Flames,,,3555 Old Keystone Road Tarpon Springs, FL 346889,,,https://www.fysa.com/clubs/cswff-east-lake-campus/?Near=33901&Radius=250,
,33901,,,ASNMM North Miami Maccabi,,,18900 NE 25th Avenue North Miami Beach, FL 33180,,,https://www.fysa.com/clubs/asnmm-north-miami-maccabi/?Near=33901&Radius=250,
,33901,,,ASSHS Miami Shores Soccer Club,,,PO Box 530172 Miami Shores, FL 33153,,,https://www.fysa.com/clubs/asshs-miami-shores-soccer-club/?Near=33901&Radius=250,
,33901,,,ASSMF Strikers Miami FC,,,6808 SW 81 Terrace Miami, FL 33143,,,https://www.fysa.com/clubs/assmf-strikers-miami-fc/?Near=33901&Radius=250,
,33901,,,CNWCA WCAA Wesley Chapel SC,,,7727 Boyette Road Wesley Chapel, FL 33543,,,https://www.fysa.com/clubs/cnwca-wcaa-wesley-chapel-sc/?Near=33901&Radius=250,
,33901,,,ASPSC Pinecrest Premier Soccer, Inc.,,,13012 SW 85th Avenue Road Miami, FL 33156,,,https://www.fysa.com/clubs/aspsc-pinecrest-premier-soccer-inc/?Near=33901&Radius=250,
,33901,,,ASCGS Coral Gables Youth Center,,,405 University Drive Coral Gables, FL 33134,,,https://www.fysa.com/clubs/ascgs-coral-gables-youth-center/?Near=33901&Radius=250,
,33901,,,ASMPS Miami Premier Soccer,,,8200 SW 124 Street Pinecrest, FL 33156,,,https://www.fysa.com/clubs/asmps-miami-premier-soccer/?Near=33901&Radius=250,
,33901,,,ASMBF Miami Breakers,,,2755 SW 37th Ave, Coral Way Miami, FL 33133,,,https://www.fysa.com/clubs/asmbf-miami-breakers/?Near=33901&Radius=250,
,33901,,,BSSCS Soccer Club of St Cloud,,,PO Box 701835 St. Cloud, FL 34770,,,https://www.fysa.com/clubs/bsscs-soccer-club-of-st-cloud/?Near=33901&Radius=250,
,33901,,,CNFCF Four Corners Football Club,,,50901 US-27 Davenport, FL 33897,,,https://www.fysa.com/clubs/cnfcf-four-corners-football-club/?Near=33901&Radius=250,
,33901,,,ALBION SC Miami,,,10100 SW 200TH ST Cutler Bay, FL 33157,,,https://www.fysa.com/clubs/albion-sc-miami/?Near=33901&Radius=250,
,33901,,,BSSSA Sebastian Soccer Club,,,PO Box 780742 Sebastian, FL 32978,,,https://www.fysa.com/clubs/bsssa-sebastian-soccer-club/?Near=33901&Radius=250,
,33901,,,ASFFI Forge FC, Inc.,,,1055 N Franklin Ave L,,,https://www.fysa.com/clubs/asffi-forge-fc-inc/?Near=33901&Radius=250,
,33901,,,ASSHA Southern Homestead Soccer Academy,,,29411 sw 147 ave Homestead, FL 33033,,,https://www.fysa.com/clubs/assha-southern-homestead-soccer-academy/?Near=33901&Radius=250,
,33901,,,ASJUV Juventus Academy Miami,,,301 SW 8th St Miami, FL 33130,,,https://www.fysa.com/clubs/asjuv-juventus-academy-miami/?Near=33901&Radius=250,
,33901,,,CNEPY East Pasco YSL,,,13220 Gene Nelson Blvd Dade City, FL 33525,,,https://www.fysa.com/clubs/cnepy-east-pasco-ysl/?Near=33901&Radius=250,
,33901,,,ASMBS City of Miami Beach Soccer,,,999 11th Street Miami Beach, FL 33139,,,https://www.fysa.com/clubs/asmbs-city-of-miami-beach-soccer/?Near=33901&Radius=250,
,33901,,,CNFPF Florida Premier FC,,,PO Box 1965 New Port Richey, FL 34656,,,https://www.fysa.com/clubs/cnfpf-florida-premier-fc/?Near=33901&Radius=250,
,33901,,,BSHCS Hunter's Creek SC,,,14101 Town Loop Blvd Orlando, FL 32837,,,https://www.fysa.com/clubs/bshcs-hunters-creek-sc/?Near=33901&Radius=250,
,33901,,,BSBAO Barca Academy Orlando,,,4100 Boggy Creek Rd Orlando, FL 34744,,,https://www.fysa.com/clubs/bsbao-barca-academy-orlando/?Near=33901&Radius=250,
,33901,,,Nona Soccer Academy,,,4100 Boggy Creek Rd Kissimmee, FL 34743,,,https://www.fysa.com/clubs/nona-soccer-academy/?Near=33901&Radius=250,
,33901,,,ASKBA Key Biscayne SC,,,450 Cranton Blvd Key Biscayne, FL 33149,,,https://www.fysa.com/clubs/askba-key-biscayne-sc/?Near=33901&Radius=250,
,33901,,,BSBSA Brevard SA,,,PO Box 120125 Melbourne, FL 32912,,,https://www.fysa.com/clubs/bsbsa-brevard-sa/?Near=33901&Radius=250,
,33901,,,My Soccer Academy,,,11435 Rocket Blvd #104 Orlando, FL 32824,,,https://www.fysa.com/clubs/my-soccer-academy/?Near=33901&Radius=250,
,33901,,,CNHYS Florida Coast Futbol Club,,,9025 Star Trail New Port Richey, FL 34654,,,https://www.fysa.com/clubs/cnhys-florida-coast-futbol-club/?Near=33901&Radius=250,
,33901,,,Indialantic Youth Soccer Association,,,PO Box 33612 Indialantic, FL 32903,,,https://www.fysa.com/clubs/indialantic-youth-soccer-association/?Near=33901&Radius=250,
,33901,,,Orlando City Soccer School- Lake Nona,,,11485 Moss Park Rd Orlando, FL 32832,,,https://www.fysa.com/clubs/orlando-city-soccer-school--lake-nona/?Near=33901&Radius=250,
,33901,,,BSFCH FC Highland,,,PO Box 1036 Windermere, FL 34786,,,https://www.fysa.com/clubs/bsfch-fc-highland/?Near=33901&Radius=250,
,33901,,,BSSCU Space Coast United SC,,,PO Box 410301 Melbourne, FL 32941,,,https://www.fysa.com/clubs/bsscu-space-coast-united-sc/?Near=33901&Radius=250,
,33901,,,BSFLR Florida Rush,,,7635 Ashley Park Ct, Suite 503-B Orlando, FL 32835,,,https://www.fysa.com/clubs/bsflr-florida-rush/?Near=33901&Radius=250,
,33901,,,BSSAB Brevard Beachside Soccer Club, Inc.,,,PO Box 372032 Satellite Beach, FL 32937,,,https://www.fysa.com/clubs/bssab-brevard-beachside-soccer-club-inc/?Near=33901&Radius=250,
,33901,,,BSCFC Clermont Football Club,,,13900 CR 455 107-326 Clermont, FL 34711,,,https://www.fysa.com/clubs/bscfc-clermont-football-club/?Near=33901&Radius=250,
,33901,,,BSSOS South Orlando SC,,,3701 Gatlin Ave Orlando, FL 32812,,,https://www.fysa.com/clubs/bssos-south-orlando-sc/?Near=33901&Radius=250,
,33901,,,CNFHS First Hernando YSC,,,PO Box 15691 Spring Hill, FL 34604,,,https://www.fysa.com/clubs/cnfhs-first-hernando-ysc/?Near=33901&Radius=250,
,33901,,,BSSPA SportsParadize Soccer Academy,,,PO Box 721991 Orlando, FL 32872,,,https://www.fysa.com/clubs/bsspa-sportsparadize-soccer-academy/?Near=33901&Radius=250,
,33901,,,CNBSA HYL Brooksville United Soccer Association,,,273 West Jefferson Street Brooksville, FL 34601,,,https://www.fysa.com/clubs/cnbsa-hyl-brooksville-united-soccer-association/?Near=33901&Radius=250,
,33901,,,BSFCA FC America,,,2014 Edgewater Dr #334,,,https://www.fysa.com/clubs/bsfca-fc-america/?Near=33901&Radius=250,
,33901,,,BSPSJ Port St. John SC,,,PO Box 237233 Cocoa, FL 32923,,,https://www.fysa.com/clubs/bspsj-port-st-john-sc/?Near=33901&Radius=250,
,33901,,,Florida Keys Soccer Club,,,228 S Coconut Palm Blvd Tavernier, FL 33070,,,https://www.fysa.com/clubs/florida-keys-soccer-club/?Near=33901&Radius=250,
,33901,,,BSWPF Winter Park FC,,,Cady Way & Perth Ln Winter Park, FL 32792,,,https://www.fysa.com/clubs/bswpf-winter-park-fc/?Near=33901&Radius=250,
,33901,,,BSACY Association of Christian Youth,,,151 N. Maitland Ave #948111 Maitland, FL 32794,,,https://www.fysa.com/clubs/bsacy-association-of-christian-youth/?Near=33901&Radius=250,
,33901,,,BSMAI Maitland Soccer Club,,,670 N Orlando Ave, Suite 101B Maitland, FL 32751,,,https://www.fysa.com/clubs/bsmai-maitland-soccer-club/?Near=33901&Radius=250,
,33901,,,BSAFC Apopka FC,,,645 Executive Park CT Apopka, FL 32703,,,https://www.fysa.com/clubs/bsafc-apopka-fc/?Near=33901&Radius=250,
,33901,,,BACSC Central Florida SC,,,PO Box 531 Apopka, 0 32704,,,https://www.fysa.com/clubs/bacsc-central-florida-sc/?Near=33901&Radius=250,
,33901,,,BSLCS Lake County Soccer,,,27343 SR 19 Tavares, FL 32778,,,https://www.fysa.com/clubs/bslcs-lake-county-soccer/?Near=33901&Radius=250,
,33901,,,BSCFS Florida Kraze Krush,,,50 Smith Street Oviedo, FL 32765,,,https://www.fysa.com/clubs/bscfs-florida-kraze-krush/?Near=33901&Radius=250,
,33901,,,BSTSC Titusville Soccer Club,,,PO Box 683 Titusville, FL 32781,,,https://www.fysa.com/clubs/bstsc-titusville-soccer-club/?Near=33901&Radius=250,
,33901,,,BSOCY Orlando City Youth Soccer,,,1900 Seminole Soccer Loop Sanford, FL 32771,,,https://www.fysa.com/clubs/bsocy-orlando-city-youth-soccer/?Near=33901&Radius=250,
,33901,,,CNWCS West Citrus Soccer Club,,,4210 Grandmarch Ave Homosassa, FL 34446,,,https://www.fysa.com/clubs/cnwcs-west-citrus-soccer-club/?Near=33901&Radius=250,
,33901,,,BSBAR Barcelona Soccer Academy,,,40730 Roger Giles Rd Umatilla, FL 32784,,,https://www.fysa.com/clubs/bsbar-barcelona-soccer-academy/?Near=33901&Radius=250,
,33901,,,BNDEL Deltona YSC,,,1200 Saxon Boulevard Deltona, FL 32725,,,https://www.fysa.com/clubs/-bndel-deltona-ysc/?Near=33901&Radius=250,
,33901,,,BNVIL Villages Soccer Club,,,17690 S US HWY 301 Summerfield, FL 34491,,,https://www.fysa.com/clubs/bnvil-villages-soccer-club/?Near=33901&Radius=250,
,33901,,,CNNCS Nature Coast Soccer Club,,,PO Box 455 Holder, FL 34445,,,https://www.fysa.com/clubs/cnncs-nature-coast-soccer-club/?Near=33901&Radius=250,
,33901,,,Stetson FA,,,PO Box 3702 Deland, FL 32721,,,https://www.fysa.com/clubs/stetson-fa/?Near=33901&Radius=250,
,33901,,,BNSVC Southeast Volusia SC,,,1800 Turnbull Bay Road New Smyrna Beach, FL 32168,,,https://www.fysa.com/clubs/bnsvc-southeast-volusia-sc/?Near=33901&Radius=250,
,33901,,,BNTAC Topseed Athletic Club,,,807 SW 3rd Ave Ocala, FL 34471,,,https://www.fysa.com/clubs/-bntac-topseed-athletic-club/?Near=33901&Radius=250,
,33901,,,BNBSL Big Sun YSL,,,PO Box 4138 Ocala, FL 34478,,,https://www.fysa.com/clubs/bnbsl-big-sun-ysl/?Near=33901&Radius=250,
,33901,,,BNPOS Port Orange SC,,,1200 Richel Rd Port Orange, FL 32129,,,https://www.fysa.com/clubs/bnpos-port-orange-sc/?Near=33901&Radius=250,
,33901,,,BNOBS Ormond Beach SC,,,700 Hull Road Ormond Beach, FL 32174,,,https://www.fysa.com/clubs/-bnobs-ormond-beach-sc/?Near=33901&Radius=250,
,33901,,,BNPDA PDA Florida, Inc.,,,5455 Belle Terre Pkwy Palm Coast, FL 32137,,,https://www.fysa.com/clubs/-bnpda-pda-florida-inc/?Near=33901&Radius=250,
,33901,,,BNLSA Leg-AZ Soccer,,,7340 SW 41 Pl Gainesville, FL 32608,,,https://www.fysa.com/clubs/bnlsa-leg-az-soccer/?Near=33901&Radius=250,
,33901,,,BNGSA Gainesville Soccer Alliance,,,3401 NW 143rd St Gainesville, FL 32606,,,https://www.fysa.com/clubs/bngsa-gainesville-soccer-alliance/?Near=33901&Radius=250,
,33901,,,BNKYS Keystone Heights YSC,,,6065 Twin Lakes Road Keystone Heights, FL 32656,,,https://www.fysa.com/clubs/-bnkys-keystone-heights-ysc/?Near=33901&Radius=250,
,33901,,,BNACS Ancient City SC,,,PO Box 885 St. Augustine, FL 32085,,,https://www.fysa.com/clubs/bnacs-ancient-city-sc/?Near=33901&Radius=250,
,33901,,,BNPSA Prime Soccer Academy,,,21 Sequoia Creek Trail St. Johns, FL 32259,,,https://www.fysa.com/clubs/bnpsa-prime-soccer-academy/?Near=33901&Radius=250,
,33901,,,Clay County SC,,,4387 Lakeshore Drive Fleming Island, FL 32003,,,https://www.fysa.com/clubs/clay-county-sc/?Near=33901&Radius=250,
,33901,,,BNPVA Ponte Vedra SC,,,830-13 A1A N #454 Ponte Vedra, FL 32082,,,https://www.fysa.com/clubs/bnpva-ponte-vedra-sc/?Near=33901&Radius=250,
,33901,,,BNCYS Columbia Youth Soccer Association,,,116 Kuhn Road Lake City, FL 32025,,,https://www.fysa.com/clubs/bncys-columbia-youth-soccer-association/?Near=33901&Radius=250,
