,Big Sky Futbol Club,,,https://www.bigskyfc.org/,,,Big Sky,
,Big Timber Wolves,,,https://www.facebook.com/Big-Timber-Youth-Soccer-136539056529504/,,,Big Timber,
,Bigfork Soccer Club,,,http://www.bigforksoccer.org/clubsite/?p=15945,,,Bigfork,
,Billings United,,,http://www.billingsunited.net/,,,Billings,
,Clark Fork Soccer Alliance,,,https://www.wysaplains.com/,,,Plains,
,FC Missoula,,,https://www.fcmissoula.com/,,,Missoula,
,Flathead Rapids,,,http://www.flatheadrapids.com/,,,Whitefish,
,Flathead Soccer Club,,,https://www.flatheadsoccer.org/,,,Kalispell,
,Florence Youth Soccer,,,,,,Florence,
,Football Club Frenchtown,,,https://www.fcfrenchtown.com/,,,Frenchtown,
,Gallatin Elite Soccer Club,,,https://www.gallatinelite.com/,,,Bozeman,
,Helena Youth Soccer,,,http://helenasoccer.org/,,,Helena,
,Hi-Line United,,,http://hilineunitedsoccer.com/,,,Havre,
,Kootenai Rapids,,,https://www.libbyyouthsoccer.org/,,,Libby,
,Laurel Storm,,,https://www.laurelstormsoccer.org/,,,Laurel,
,Lewistown Soccer Club,,,http://lewistownsoccerclub.com/,,,Lewistown,
,Livingston Youth Soccer,,,http://www.livingstonyouthsoccer.org/,,,Livingston,
,MC Posse,,,http://www.milescityposse.org/clubsite/?p=15021,,,Miles City,
,Mining City FC,,,https://www.miningcityfc.com/,,,Butte,
,Missoula Strikers,,,https://missoulastrikers.com/,,,Missoula,
,Montana Rush Soccer Club,,,http://www.montanarushsoccer.com/,,,Great Falls,
,Montana Surf / Blitzz FC,,,https://www.montanasurf.org/,,,Bozeman,
,Polson FC,,,http://www.polsonyouthsoccer.org/,,,Polson,
,Queen City FC,,,https://queencityfc.org/,,,Helena,
,Real Billings FC,,,https://www.realbillingsfc.com/,,,Billings,
,Red Lodge Soccer,,,http://redlodgeyouthsoccer.com/,,,Red Lodge,
,Sidney Youth Soccer,,,http://sidneysoccer.gotsport.com/clubsite/?p=12649,,,Sidney,
,Stevensville Sabres,,,https://www.stevensvillesoccer.net/,,,Stevensville,
,Big Sky Futbol Club,,,https://www.bigskyfc.org/,,,Big Sky,