,me,,,https://selectbaseballteams.com/travel-baseball-rankings/me/6u/,
,me,,,https://selectbaseballteams.com/travel-baseball-rankings/me/7U/,
,me,,,https://selectbaseballteams.com/travel-baseball-rankings/me/8u/,
,me,,,https://selectbaseballteams.com/travel-baseball-rankings/me/9u/,
,me,,,https://selectbaseballteams.com/travel-baseball-rankings/me/10u/,
,me,,,https://selectbaseballteams.com/travel-baseball-rankings/me/11u/,
,me,,,https://selectbaseballteams.com/travel-baseball-rankings/me/12u/,
,me,,,https://selectbaseballteams.com/travel-baseball-rankings/me/13u/,
,me,,,https://selectbaseballteams.com/travel-baseball-rankings/me/14u/,
,me,,,https://selectbaseballteams.com/travel-baseball-rankings/me/15u/,
,me,,,https://selectbaseballteams.com/travel-baseball-rankings/me/16u/,
,me,,,https://selectbaseballteams.com/travel-baseball-rankings/me/17u/,
,me,,,https://selectbaseballteams.com/travel-baseball-rankings/me/18u/,
,me,,,https://selectbaseballteams.com/travel-baseball-rankings/me/18+/,
,ms,,,https://selectbaseballteams.com/travel-baseball-rankings/ms/6u/,
,ms,,,https://selectbaseballteams.com/travel-baseball-rankings/ms/7U/,
,ms,,,https://selectbaseballteams.com/travel-baseball-rankings/ms/8u/,
,ms,,,https://selectbaseballteams.com/travel-baseball-rankings/ms/9u/,
,ms,,,https://selectbaseballteams.com/travel-baseball-rankings/ms/10u/,
,ms,,,https://selectbaseballteams.com/travel-baseball-rankings/ms/11u/,
,ms,,,https://selectbaseballteams.com/travel-baseball-rankings/ms/12u/,
,ms,,,https://selectbaseballteams.com/travel-baseball-rankings/ms/13u/,
,ms,,,https://selectbaseballteams.com/travel-baseball-rankings/ms/14u/,
,ms,,,https://selectbaseballteams.com/travel-baseball-rankings/ms/15u/,
,ms,,,https://selectbaseballteams.com/travel-baseball-rankings/ms/16u/,
,ms,,,https://selectbaseballteams.com/travel-baseball-rankings/ms/17u/,
,ms,,,https://selectbaseballteams.com/travel-baseball-rankings/ms/18u/,
,ms,,,https://selectbaseballteams.com/travel-baseball-rankings/ms/18+/,
,in,,,https://selectbaseballteams.com/travel-baseball-rankings/in/6u/,
,in,,,https://selectbaseballteams.com/travel-baseball-rankings/in/7U/,
,in,,,https://selectbaseballteams.com/travel-baseball-rankings/in/8u/,
,in,,,https://selectbaseballteams.com/travel-baseball-rankings/in/9u/,
,in,,,https://selectbaseballteams.com/travel-baseball-rankings/in/10u/,
,in,,,https://selectbaseballteams.com/travel-baseball-rankings/in/11u/,
,in,,,https://selectbaseballteams.com/travel-baseball-rankings/in/12u/,
,in,,,https://selectbaseballteams.com/travel-baseball-rankings/in/13u/,
,in,,,https://selectbaseballteams.com/travel-baseball-rankings/in/14u/,
,in,,,https://selectbaseballteams.com/travel-baseball-rankings/in/15u/,
,in,,,https://selectbaseballteams.com/travel-baseball-rankings/in/16u/,
,in,,,https://selectbaseballteams.com/travel-baseball-rankings/in/17u/,
,in,,,https://selectbaseballteams.com/travel-baseball-rankings/in/18u/,
,in,,,https://selectbaseballteams.com/travel-baseball-rankings/in/18+/,
,nh,,,https://selectbaseballteams.com/travel-baseball-rankings/nh/6u/,
,nh,,,https://selectbaseballteams.com/travel-baseball-rankings/nh/7U/,
,nh,,,https://selectbaseballteams.com/travel-baseball-rankings/nh/8u/,
,nh,,,https://selectbaseballteams.com/travel-baseball-rankings/nh/9u/,
,nh,,,https://selectbaseballteams.com/travel-baseball-rankings/nh/10u/,
,nh,,,https://selectbaseballteams.com/travel-baseball-rankings/nh/11u/,
,nh,,,https://selectbaseballteams.com/travel-baseball-rankings/nh/12u/,
,nh,,,https://selectbaseballteams.com/travel-baseball-rankings/nh/13u/,
,nh,,,https://selectbaseballteams.com/travel-baseball-rankings/nh/14u/,
,nh,,,https://selectbaseballteams.com/travel-baseball-rankings/nh/15u/,
,nh,,,https://selectbaseballteams.com/travel-baseball-rankings/nh/16u/,
,nh,,,https://selectbaseballteams.com/travel-baseball-rankings/nh/17u/,
,nh,,,https://selectbaseballteams.com/travel-baseball-rankings/nh/18u/,
,nh,,,https://selectbaseballteams.com/travel-baseball-rankings/nh/18+/,
,tn,,,https://selectbaseballteams.com/travel-baseball-rankings/tn/6u/,
,tn,,,https://selectbaseballteams.com/travel-baseball-rankings/tn/7U/,
,tn,,,https://selectbaseballteams.com/travel-baseball-rankings/tn/8u/,
,tn,,,https://selectbaseballteams.com/travel-baseball-rankings/tn/9u/,
,tn,,,https://selectbaseballteams.com/travel-baseball-rankings/tn/10u/,
,tn,,,https://selectbaseballteams.com/travel-baseball-rankings/tn/11u/,
,tn,,,https://selectbaseballteams.com/travel-baseball-rankings/tn/12u/,
,tn,,,https://selectbaseballteams.com/travel-baseball-rankings/tn/13u/,
,tn,,,https://selectbaseballteams.com/travel-baseball-rankings/tn/14u/,
,tn,,,https://selectbaseballteams.com/travel-baseball-rankings/tn/15u/,
,tn,,,https://selectbaseballteams.com/travel-baseball-rankings/tn/16u/,
,tn,,,https://selectbaseballteams.com/travel-baseball-rankings/tn/17u/,
,tn,,,https://selectbaseballteams.com/travel-baseball-rankings/tn/18u/,
,tn,,,https://selectbaseballteams.com/travel-baseball-rankings/tn/18+/,
,ar,,,https://selectbaseballteams.com/travel-baseball-rankings/ar/6u/,
,ar,,,https://selectbaseballteams.com/travel-baseball-rankings/ar/7U/,
,ar,,,https://selectbaseballteams.com/travel-baseball-rankings/ar/8u/,
,ar,,,https://selectbaseballteams.com/travel-baseball-rankings/ar/9u/,
,ar,,,https://selectbaseballteams.com/travel-baseball-rankings/ar/10u/,
,ar,,,https://selectbaseballteams.com/travel-baseball-rankings/ar/11u/,
,ar,,,https://selectbaseballteams.com/travel-baseball-rankings/ar/12u/,
,ar,,,https://selectbaseballteams.com/travel-baseball-rankings/ar/13u/,
,ar,,,https://selectbaseballteams.com/travel-baseball-rankings/ar/14u/,
,ar,,,https://selectbaseballteams.com/travel-baseball-rankings/ar/15u/,
,ar,,,https://selectbaseballteams.com/travel-baseball-rankings/ar/16u/,
,ar,,,https://selectbaseballteams.com/travel-baseball-rankings/ar/17u/,
,ar,,,https://selectbaseballteams.com/travel-baseball-rankings/ar/18u/,
,ar,,,https://selectbaseballteams.com/travel-baseball-rankings/ar/18+/,
,mt,,,https://selectbaseballteams.com/travel-baseball-rankings/mt/6u/,
,mt,,,https://selectbaseballteams.com/travel-baseball-rankings/mt/7U/,
,mt,,,https://selectbaseballteams.com/travel-baseball-rankings/mt/8u/,
,mt,,,https://selectbaseballteams.com/travel-baseball-rankings/mt/9u/,
,mt,,,https://selectbaseballteams.com/travel-baseball-rankings/mt/10u/,
,mt,,,https://selectbaseballteams.com/travel-baseball-rankings/mt/11u/,
,mt,,,https://selectbaseballteams.com/travel-baseball-rankings/mt/12u/,
,mt,,,https://selectbaseballteams.com/travel-baseball-rankings/mt/13u/,
,mt,,,https://selectbaseballteams.com/travel-baseball-rankings/mt/14u/,
,mt,,,https://selectbaseballteams.com/travel-baseball-rankings/mt/15u/,
,mt,,,https://selectbaseballteams.com/travel-baseball-rankings/mt/16u/,
,mt,,,https://selectbaseballteams.com/travel-baseball-rankings/mt/17u/,
,mt,,,https://selectbaseballteams.com/travel-baseball-rankings/mt/18u/,
,mt,,,https://selectbaseballteams.com/travel-baseball-rankings/mt/18+/,
,tx,,,https://selectbaseballteams.com/travel-baseball-rankings/tx/6u/,
,tx,,,https://selectbaseballteams.com/travel-baseball-rankings/tx/7U/,
,tx,,,https://selectbaseballteams.com/travel-baseball-rankings/tx/8u/,
,tx,,,https://selectbaseballteams.com/travel-baseball-rankings/tx/9u/,
,tx,,,https://selectbaseballteams.com/travel-baseball-rankings/tx/10u/,
,tx,,,https://selectbaseballteams.com/travel-baseball-rankings/tx/11u/,
,tx,,,https://selectbaseballteams.com/travel-baseball-rankings/tx/12u/,
,tx,,,https://selectbaseballteams.com/travel-baseball-rankings/tx/13u/,
,tx,,,https://selectbaseballteams.com/travel-baseball-rankings/tx/14u/,
,tx,,,https://selectbaseballteams.com/travel-baseball-rankings/tx/15u/,
,tx,,,https://selectbaseballteams.com/travel-baseball-rankings/tx/16u/,
,tx,,,https://selectbaseballteams.com/travel-baseball-rankings/tx/17u/,
,tx,,,https://selectbaseballteams.com/travel-baseball-rankings/tx/18u/,
,tx,,,https://selectbaseballteams.com/travel-baseball-rankings/tx/18+/,
,vi,,,https://selectbaseballteams.com/travel-baseball-rankings/al/,
,vi,,,https://selectbaseballteams.com/travel-baseball-rankings/ak/,
,vi,,,https://selectbaseballteams.com/travel-baseball-rankings/as/,
,vi,,,https://selectbaseballteams.com/travel-baseball-rankings/az/,
,vi,,,https://selectbaseballteams.com/travel-baseball-rankings/ar/,
,vi,,,https://selectbaseballteams.com/travel-baseball-rankings/ca/,
,vi,,,https://selectbaseballteams.com/travel-baseball-rankings/co/,
,vi,,,https://selectbaseballteams.com/travel-baseball-rankings/ct/,
,vi,,,https://selectbaseballteams.com/travel-baseball-rankings/de/,
,vi,,,https://selectbaseballteams.com/travel-baseball-rankings/dc/,
,vi,,,https://selectbaseballteams.com/travel-baseball-rankings/fm/,
,vi,,,https://selectbaseballteams.com/travel-baseball-rankings/fl/,
,vi,,,https://selectbaseballteams.com/travel-baseball-rankings/ga/,
,vi,,,https://selectbaseballteams.com/travel-baseball-rankings/gu/,
,vi,,,https://selectbaseballteams.com/travel-baseball-rankings/hi/,
,vi,,,https://selectbaseballteams.com/travel-baseball-rankings/id/,
,vi,,,https://selectbaseballteams.com/travel-baseball-rankings/il/,
,vi,,,https://selectbaseballteams.com/travel-baseball-rankings/in/,
,vi,,,https://selectbaseballteams.com/travel-baseball-rankings/ia/,
,vi,,,https://selectbaseballteams.com/travel-baseball-rankings/ks/,
,vi,,,https://selectbaseballteams.com/travel-baseball-rankings/ky/,
,vi,,,https://selectbaseballteams.com/travel-baseball-rankings/la/,
,vi,,,https://selectbaseballteams.com/travel-baseball-rankings/me/,
,vi,,,https://selectbaseballteams.com/travel-baseball-rankings/mh/,
,vi,,,https://selectbaseballteams.com/travel-baseball-rankings/md/,
,vi,,,https://selectbaseballteams.com/travel-baseball-rankings/ma/,
,vi,,,https://selectbaseballteams.com/travel-baseball-rankings/mi/,
,vi,,,https://selectbaseballteams.com/travel-baseball-rankings/mn/,
,vi,,,https://selectbaseballteams.com/travel-baseball-rankings/ms/,
,vi,,,https://selectbaseballteams.com/travel-baseball-rankings/mo/,
,vi,,,https://selectbaseballteams.com/travel-baseball-rankings/mt/,
,vi,,,https://selectbaseballteams.com/travel-baseball-rankings/ne/,
,vi,,,https://selectbaseballteams.com/travel-baseball-rankings/nv/,
,vi,,,https://selectbaseballteams.com/travel-baseball-rankings/nh/,
,vi,,,https://selectbaseballteams.com/travel-baseball-rankings/nj/,
,vi,,,https://selectbaseballteams.com/travel-baseball-rankings/nm/,
,vi,,,https://selectbaseballteams.com/travel-baseball-rankings/ny/,
,vi,,,https://selectbaseballteams.com/travel-baseball-rankings/nc/,
,vi,,,https://selectbaseballteams.com/travel-baseball-rankings/nd/,
,vi,,,https://selectbaseballteams.com/travel-baseball-rankings/mp/,
,vi,,,https://selectbaseballteams.com/travel-baseball-rankings/oh/,
,vi,,,https://selectbaseballteams.com/travel-baseball-rankings/ok/,
,vi,,,https://selectbaseballteams.com/travel-baseball-rankings/or/,
,vi,,,https://selectbaseballteams.com/travel-baseball-rankings/pa/,
,vi,,,https://selectbaseballteams.com/travel-baseball-rankings/pr/,
,vi,,,https://selectbaseballteams.com/travel-baseball-rankings/ri/,
,vi,,,https://selectbaseballteams.com/travel-baseball-rankings/sc/,
,vi,,,https://selectbaseballteams.com/travel-baseball-rankings/sd/,
,vi,,,https://selectbaseballteams.com/travel-baseball-rankings/tn/,
,vi,,,https://selectbaseballteams.com/travel-baseball-rankings/tx/,
,vi,,,https://selectbaseballteams.com/travel-baseball-rankings/um/,
,vi,,,https://selectbaseballteams.com/travel-baseball-rankings/ut/,
,vi,,,https://selectbaseballteams.com/travel-baseball-rankings/vt/,
,vi,,,https://selectbaseballteams.com/travel-baseball-rankings/vi/,
,vi,,,https://selectbaseballteams.com/travel-baseball-rankings/va/,
,vi,,,https://selectbaseballteams.com/travel-baseball-rankings/wa/,
,vi,,,https://selectbaseballteams.com/travel-baseball-rankings/wv/,
,vi,,,https://selectbaseballteams.com/travel-baseball-rankings/wi/,
,vi,,,https://selectbaseballteams.com/travel-baseball-rankings/wy/,
,ri,,,https://selectbaseballteams.com/travel-baseball-rankings/ri/6u/,
,ri,,,https://selectbaseballteams.com/travel-baseball-rankings/ri/7U/,
,ri,,,https://selectbaseballteams.com/travel-baseball-rankings/ri/8u/,
,ri,,,https://selectbaseballteams.com/travel-baseball-rankings/ri/9u/,
,ri,,,https://selectbaseballteams.com/travel-baseball-rankings/ri/10u/,
,ri,,,https://selectbaseballteams.com/travel-baseball-rankings/ri/11u/,
,ri,,,https://selectbaseballteams.com/travel-baseball-rankings/ri/12u/,
,ri,,,https://selectbaseballteams.com/travel-baseball-rankings/ri/13u/,
,ri,,,https://selectbaseballteams.com/travel-baseball-rankings/ri/14u/,
,ri,,,https://selectbaseballteams.com/travel-baseball-rankings/ri/15u/,
,ri,,,https://selectbaseballteams.com/travel-baseball-rankings/ri/16u/,
,ri,,,https://selectbaseballteams.com/travel-baseball-rankings/ri/17u/,
,ri,,,https://selectbaseballteams.com/travel-baseball-rankings/ri/18u/,
,ri,,,https://selectbaseballteams.com/travel-baseball-rankings/ri/18+/,
,ia,,,https://selectbaseballteams.com/travel-baseball-rankings/ia/6u/,
,ia,,,https://selectbaseballteams.com/travel-baseball-rankings/ia/7U/,
,ia,,,https://selectbaseballteams.com/travel-baseball-rankings/ia/8u/,
,ia,,,https://selectbaseballteams.com/travel-baseball-rankings/ia/9u/,
,ia,,,https://selectbaseballteams.com/travel-baseball-rankings/ia/10u/,
,ia,,,https://selectbaseballteams.com/travel-baseball-rankings/ia/11u/,
,ia,,,https://selectbaseballteams.com/travel-baseball-rankings/ia/12u/,
,ia,,,https://selectbaseballteams.com/travel-baseball-rankings/ia/13u/,
,ia,,,https://selectbaseballteams.com/travel-baseball-rankings/ia/14u/,
,ia,,,https://selectbaseballteams.com/travel-baseball-rankings/ia/15u/,
,ia,,,https://selectbaseballteams.com/travel-baseball-rankings/ia/16u/,
,ia,,,https://selectbaseballteams.com/travel-baseball-rankings/ia/17u/,
,ia,,,https://selectbaseballteams.com/travel-baseball-rankings/ia/18u/,
,ia,,,https://selectbaseballteams.com/travel-baseball-rankings/ia/18+/,
,nj,,,https://selectbaseballteams.com/travel-baseball-rankings/nj/6u/,
,nj,,,https://selectbaseballteams.com/travel-baseball-rankings/nj/7U/,
,nj,,,https://selectbaseballteams.com/travel-baseball-rankings/nj/8u/,
,nj,,,https://selectbaseballteams.com/travel-baseball-rankings/nj/9u/,
,nj,,,https://selectbaseballteams.com/travel-baseball-rankings/nj/10u/,
,nj,,,https://selectbaseballteams.com/travel-baseball-rankings/nj/11u/,
,nj,,,https://selectbaseballteams.com/travel-baseball-rankings/nj/12u/,
,nj,,,https://selectbaseballteams.com/travel-baseball-rankings/nj/13u/,
,nj,,,https://selectbaseballteams.com/travel-baseball-rankings/nj/14u/,
,nj,,,https://selectbaseballteams.com/travel-baseball-rankings/nj/15u/,
,nj,,,https://selectbaseballteams.com/travel-baseball-rankings/nj/16u/,
,nj,,,https://selectbaseballteams.com/travel-baseball-rankings/nj/17u/,
,nj,,,https://selectbaseballteams.com/travel-baseball-rankings/nj/18u/,
,nj,,,https://selectbaseballteams.com/travel-baseball-rankings/nj/18+/,
,ks,,,https://selectbaseballteams.com/travel-baseball-rankings/ks/6u/,
,ks,,,https://selectbaseballteams.com/travel-baseball-rankings/ks/7U/,
,ks,,,https://selectbaseballteams.com/travel-baseball-rankings/ks/8u/,
,ks,,,https://selectbaseballteams.com/travel-baseball-rankings/ks/9u/,
,ks,,,https://selectbaseballteams.com/travel-baseball-rankings/ks/10u/,
,ks,,,https://selectbaseballteams.com/travel-baseball-rankings/ks/11u/,
,ks,,,https://selectbaseballteams.com/travel-baseball-rankings/ks/12u/,
,ks,,,https://selectbaseballteams.com/travel-baseball-rankings/ks/13u/,
,ks,,,https://selectbaseballteams.com/travel-baseball-rankings/ks/14u/,
,ks,,,https://selectbaseballteams.com/travel-baseball-rankings/ks/15u/,
,ks,,,https://selectbaseballteams.com/travel-baseball-rankings/ks/16u/,
,ks,,,https://selectbaseballteams.com/travel-baseball-rankings/ks/17u/,
,ks,,,https://selectbaseballteams.com/travel-baseball-rankings/ks/18u/,
,ks,,,https://selectbaseballteams.com/travel-baseball-rankings/ks/18+/,
,va,,,https://selectbaseballteams.com/travel-baseball-rankings/al/,
,va,,,https://selectbaseballteams.com/travel-baseball-rankings/ak/,
,va,,,https://selectbaseballteams.com/travel-baseball-rankings/as/,
,va,,,https://selectbaseballteams.com/travel-baseball-rankings/az/,
,va,,,https://selectbaseballteams.com/travel-baseball-rankings/ar/,
,va,,,https://selectbaseballteams.com/travel-baseball-rankings/ca/,
,va,,,https://selectbaseballteams.com/travel-baseball-rankings/co/,
,va,,,https://selectbaseballteams.com/travel-baseball-rankings/ct/,
,va,,,https://selectbaseballteams.com/travel-baseball-rankings/de/,
,va,,,https://selectbaseballteams.com/travel-baseball-rankings/dc/,
,va,,,https://selectbaseballteams.com/travel-baseball-rankings/fm/,
,va,,,https://selectbaseballteams.com/travel-baseball-rankings/fl/,
,va,,,https://selectbaseballteams.com/travel-baseball-rankings/ga/,
,va,,,https://selectbaseballteams.com/travel-baseball-rankings/gu/,
,va,,,https://selectbaseballteams.com/travel-baseball-rankings/hi/,
,va,,,https://selectbaseballteams.com/travel-baseball-rankings/id/,
,va,,,https://selectbaseballteams.com/travel-baseball-rankings/il/,
,va,,,https://selectbaseballteams.com/travel-baseball-rankings/in/,
,va,,,https://selectbaseballteams.com/travel-baseball-rankings/ia/,
,va,,,https://selectbaseballteams.com/travel-baseball-rankings/ks/,
,va,,,https://selectbaseballteams.com/travel-baseball-rankings/ky/,
,va,,,https://selectbaseballteams.com/travel-baseball-rankings/la/,
,va,,,https://selectbaseballteams.com/travel-baseball-rankings/me/,
,va,,,https://selectbaseballteams.com/travel-baseball-rankings/mh/,
,va,,,https://selectbaseballteams.com/travel-baseball-rankings/md/,
,va,,,https://selectbaseballteams.com/travel-baseball-rankings/ma/,
,va,,,https://selectbaseballteams.com/travel-baseball-rankings/mi/,
,va,,,https://selectbaseballteams.com/travel-baseball-rankings/mn/,
,va,,,https://selectbaseballteams.com/travel-baseball-rankings/ms/,
,va,,,https://selectbaseballteams.com/travel-baseball-rankings/mo/,
,va,,,https://selectbaseballteams.com/travel-baseball-rankings/mt/,
,va,,,https://selectbaseballteams.com/travel-baseball-rankings/ne/,
,va,,,https://selectbaseballteams.com/travel-baseball-rankings/nv/,
,va,,,https://selectbaseballteams.com/travel-baseball-rankings/nh/,
,va,,,https://selectbaseballteams.com/travel-baseball-rankings/nj/,
,va,,,https://selectbaseballteams.com/travel-baseball-rankings/nm/,
,va,,,https://selectbaseballteams.com/travel-baseball-rankings/ny/,
,va,,,https://selectbaseballteams.com/travel-baseball-rankings/nc/,
,va,,,https://selectbaseballteams.com/travel-baseball-rankings/nd/,
,va,,,https://selectbaseballteams.com/travel-baseball-rankings/mp/,
,va,,,https://selectbaseballteams.com/travel-baseball-rankings/oh/,
,va,,,https://selectbaseballteams.com/travel-baseball-rankings/ok/,
,va,,,https://selectbaseballteams.com/travel-baseball-rankings/or/,
,va,,,https://selectbaseballteams.com/travel-baseball-rankings/pa/,
,va,,,https://selectbaseballteams.com/travel-baseball-rankings/pr/,
,va,,,https://selectbaseballteams.com/travel-baseball-rankings/ri/,
,va,,,https://selectbaseballteams.com/travel-baseball-rankings/sc/,
,va,,,https://selectbaseballteams.com/travel-baseball-rankings/sd/,
,va,,,https://selectbaseballteams.com/travel-baseball-rankings/tn/,
,va,,,https://selectbaseballteams.com/travel-baseball-rankings/tx/,
,va,,,https://selectbaseballteams.com/travel-baseball-rankings/um/,
,va,,,https://selectbaseballteams.com/travel-baseball-rankings/ut/,
,va,,,https://selectbaseballteams.com/travel-baseball-rankings/vt/,
,va,,,https://selectbaseballteams.com/travel-baseball-rankings/vi/,
,va,,,https://selectbaseballteams.com/travel-baseball-rankings/va/,
,va,,,https://selectbaseballteams.com/travel-baseball-rankings/wa/,
,va,,,https://selectbaseballteams.com/travel-baseball-rankings/wv/,
,va,,,https://selectbaseballteams.com/travel-baseball-rankings/wi/,
,va,,,https://selectbaseballteams.com/travel-baseball-rankings/wy/,
,mo,,,https://selectbaseballteams.com/travel-baseball-rankings/mo/6u/,
,mo,,,https://selectbaseballteams.com/travel-baseball-rankings/mo/7U/,
,mo,,,https://selectbaseballteams.com/travel-baseball-rankings/mo/8u/,
,mo,,,https://selectbaseballteams.com/travel-baseball-rankings/mo/9u/,
,mo,,,https://selectbaseballteams.com/travel-baseball-rankings/mo/10u/,
,mo,,,https://selectbaseballteams.com/travel-baseball-rankings/mo/11u/,
,mo,,,https://selectbaseballteams.com/travel-baseball-rankings/mo/12u/,
,mo,,,https://selectbaseballteams.com/travel-baseball-rankings/mo/13u/,
,mo,,,https://selectbaseballteams.com/travel-baseball-rankings/mo/14u/,
,mo,,,https://selectbaseballteams.com/travel-baseball-rankings/mo/15u/,
,mo,,,https://selectbaseballteams.com/travel-baseball-rankings/mo/16u/,
,mo,,,https://selectbaseballteams.com/travel-baseball-rankings/mo/17u/,
,mo,,,https://selectbaseballteams.com/travel-baseball-rankings/mo/18u/,
,mo,,,https://selectbaseballteams.com/travel-baseball-rankings/mo/18+/,
,ma,,,https://selectbaseballteams.com/travel-baseball-rankings/ma/6u/,
,ma,,,https://selectbaseballteams.com/travel-baseball-rankings/ma/7U/,
,ma,,,https://selectbaseballteams.com/travel-baseball-rankings/ma/8u/,
,ma,,,https://selectbaseballteams.com/travel-baseball-rankings/ma/9u/,
,ma,,,https://selectbaseballteams.com/travel-baseball-rankings/ma/10u/,
,ma,,,https://selectbaseballteams.com/travel-baseball-rankings/ma/11u/,
,ma,,,https://selectbaseballteams.com/travel-baseball-rankings/ma/12u/,
,ma,,,https://selectbaseballteams.com/travel-baseball-rankings/ma/13u/,
,ma,,,https://selectbaseballteams.com/travel-baseball-rankings/ma/14u/,
,ma,,,https://selectbaseballteams.com/travel-baseball-rankings/ma/15u/,
,ma,,,https://selectbaseballteams.com/travel-baseball-rankings/ma/16u/,
,ma,,,https://selectbaseballteams.com/travel-baseball-rankings/ma/17u/,
,ma,,,https://selectbaseballteams.com/travel-baseball-rankings/ma/18u/,
,ma,,,https://selectbaseballteams.com/travel-baseball-rankings/ma/18+/,
,fl,,,https://selectbaseballteams.com/travel-baseball-rankings/fl/6u/,
,fl,,,https://selectbaseballteams.com/travel-baseball-rankings/fl/7U/,
,fl,,,https://selectbaseballteams.com/travel-baseball-rankings/fl/8u/,
,fl,,,https://selectbaseballteams.com/travel-baseball-rankings/fl/9u/,
,fl,,,https://selectbaseballteams.com/travel-baseball-rankings/fl/10u/,
,fl,,,https://selectbaseballteams.com/travel-baseball-rankings/fl/11u/,
,fl,,,https://selectbaseballteams.com/travel-baseball-rankings/fl/12u/,
,fl,,,https://selectbaseballteams.com/travel-baseball-rankings/fl/13u/,
,fl,,,https://selectbaseballteams.com/travel-baseball-rankings/fl/14u/,
,fl,,,https://selectbaseballteams.com/travel-baseball-rankings/fl/15u/,
,fl,,,https://selectbaseballteams.com/travel-baseball-rankings/fl/16u/,
,fl,,,https://selectbaseballteams.com/travel-baseball-rankings/fl/17u/,
,fl,,,https://selectbaseballteams.com/travel-baseball-rankings/fl/18u/,
,fl,,,https://selectbaseballteams.com/travel-baseball-rankings/fl/18+/,
,mh,,,https://selectbaseballteams.com/travel-baseball-rankings/mh/6u/,
,mh,,,https://selectbaseballteams.com/travel-baseball-rankings/mh/7U/,
,mh,,,https://selectbaseballteams.com/travel-baseball-rankings/mh/8u/,
,mh,,,https://selectbaseballteams.com/travel-baseball-rankings/mh/9u/,
,mh,,,https://selectbaseballteams.com/travel-baseball-rankings/mh/10u/,
,mh,,,https://selectbaseballteams.com/travel-baseball-rankings/mh/11u/,
,mh,,,https://selectbaseballteams.com/travel-baseball-rankings/mh/12u/,
,mh,,,https://selectbaseballteams.com/travel-baseball-rankings/mh/13u/,
,mh,,,https://selectbaseballteams.com/travel-baseball-rankings/mh/14u/,
,mh,,,https://selectbaseballteams.com/travel-baseball-rankings/mh/15u/,
,mh,,,https://selectbaseballteams.com/travel-baseball-rankings/mh/16u/,
,mh,,,https://selectbaseballteams.com/travel-baseball-rankings/mh/17u/,
,mh,,,https://selectbaseballteams.com/travel-baseball-rankings/mh/18u/,
,mh,,,https://selectbaseballteams.com/travel-baseball-rankings/mh/18+/,
,um,,,https://selectbaseballteams.com/travel-baseball-rankings/um/6u/,
,um,,,https://selectbaseballteams.com/travel-baseball-rankings/um/7U/,
,um,,,https://selectbaseballteams.com/travel-baseball-rankings/um/8u/,
,um,,,https://selectbaseballteams.com/travel-baseball-rankings/um/9u/,
,um,,,https://selectbaseballteams.com/travel-baseball-rankings/um/10u/,
,um,,,https://selectbaseballteams.com/travel-baseball-rankings/um/11u/,
,um,,,https://selectbaseballteams.com/travel-baseball-rankings/um/12u/,
,um,,,https://selectbaseballteams.com/travel-baseball-rankings/um/13u/,
,um,,,https://selectbaseballteams.com/travel-baseball-rankings/um/14u/,
,um,,,https://selectbaseballteams.com/travel-baseball-rankings/um/15u/,
,um,,,https://selectbaseballteams.com/travel-baseball-rankings/um/16u/,
,um,,,https://selectbaseballteams.com/travel-baseball-rankings/um/17u/,
,um,,,https://selectbaseballteams.com/travel-baseball-rankings/um/18u/,
,um,,,https://selectbaseballteams.com/travel-baseball-rankings/um/18+/,
,fm,,,https://selectbaseballteams.com/travel-baseball-rankings/fm/6u/,
,fm,,,https://selectbaseballteams.com/travel-baseball-rankings/fm/7U/,
,fm,,,https://selectbaseballteams.com/travel-baseball-rankings/fm/8u/,
,fm,,,https://selectbaseballteams.com/travel-baseball-rankings/fm/9u/,
,fm,,,https://selectbaseballteams.com/travel-baseball-rankings/fm/10u/,
,fm,,,https://selectbaseballteams.com/travel-baseball-rankings/fm/11u/,
,fm,,,https://selectbaseballteams.com/travel-baseball-rankings/fm/12u/,
,fm,,,https://selectbaseballteams.com/travel-baseball-rankings/fm/13u/,
,fm,,,https://selectbaseballteams.com/travel-baseball-rankings/fm/14u/,
,fm,,,https://selectbaseballteams.com/travel-baseball-rankings/fm/15u/,
,fm,,,https://selectbaseballteams.com/travel-baseball-rankings/fm/16u/,
,fm,,,https://selectbaseballteams.com/travel-baseball-rankings/fm/17u/,
,fm,,,https://selectbaseballteams.com/travel-baseball-rankings/fm/18u/,
,fm,,,https://selectbaseballteams.com/travel-baseball-rankings/fm/18+/,
,dc,,,https://selectbaseballteams.com/travel-baseball-rankings/dc/6u/,
,dc,,,https://selectbaseballteams.com/travel-baseball-rankings/dc/7U/,
,dc,,,https://selectbaseballteams.com/travel-baseball-rankings/dc/8u/,
,dc,,,https://selectbaseballteams.com/travel-baseball-rankings/dc/9u/,
,dc,,,https://selectbaseballteams.com/travel-baseball-rankings/dc/10u/,
,dc,,,https://selectbaseballteams.com/travel-baseball-rankings/dc/11u/,
,dc,,,https://selectbaseballteams.com/travel-baseball-rankings/dc/12u/,
,dc,,,https://selectbaseballteams.com/travel-baseball-rankings/dc/13u/,
,dc,,,https://selectbaseballteams.com/travel-baseball-rankings/dc/14u/,
,dc,,,https://selectbaseballteams.com/travel-baseball-rankings/dc/15u/,
,dc,,,https://selectbaseballteams.com/travel-baseball-rankings/dc/16u/,
,dc,,,https://selectbaseballteams.com/travel-baseball-rankings/dc/17u/,
,dc,,,https://selectbaseballteams.com/travel-baseball-rankings/dc/18u/,
,dc,,,https://selectbaseballteams.com/travel-baseball-rankings/dc/18+/,
,nd,,,https://selectbaseballteams.com/travel-baseball-rankings/nd/6u/,
,nd,,,https://selectbaseballteams.com/travel-baseball-rankings/nd/7U/,
,nd,,,https://selectbaseballteams.com/travel-baseball-rankings/nd/8u/,
,nd,,,https://selectbaseballteams.com/travel-baseball-rankings/nd/9u/,
,nd,,,https://selectbaseballteams.com/travel-baseball-rankings/nd/10u/,
,nd,,,https://selectbaseballteams.com/travel-baseball-rankings/nd/11u/,
,nd,,,https://selectbaseballteams.com/travel-baseball-rankings/nd/12u/,
,nd,,,https://selectbaseballteams.com/travel-baseball-rankings/nd/13u/,
,nd,,,https://selectbaseballteams.com/travel-baseball-rankings/nd/14u/,
,nd,,,https://selectbaseballteams.com/travel-baseball-rankings/nd/15u/,
,nd,,,https://selectbaseballteams.com/travel-baseball-rankings/nd/16u/,
,nd,,,https://selectbaseballteams.com/travel-baseball-rankings/nd/17u/,
,nd,,,https://selectbaseballteams.com/travel-baseball-rankings/nd/18u/,
,nd,,,https://selectbaseballteams.com/travel-baseball-rankings/nd/18+/,
,mi,,,https://selectbaseballteams.com/travel-baseball-rankings/mi/6u/,
,mi,,,https://selectbaseballteams.com/travel-baseball-rankings/mi/7U/,
,mi,,,https://selectbaseballteams.com/travel-baseball-rankings/mi/8u/,
,mi,,,https://selectbaseballteams.com/travel-baseball-rankings/mi/9u/,
,mi,,,https://selectbaseballteams.com/travel-baseball-rankings/mi/10u/,
,mi,,,https://selectbaseballteams.com/travel-baseball-rankings/mi/11u/,
,mi,,,https://selectbaseballteams.com/travel-baseball-rankings/mi/12u/,
,mi,,,https://selectbaseballteams.com/travel-baseball-rankings/mi/13u/,
,mi,,,https://selectbaseballteams.com/travel-baseball-rankings/mi/14u/,
,mi,,,https://selectbaseballteams.com/travel-baseball-rankings/mi/15u/,
,mi,,,https://selectbaseballteams.com/travel-baseball-rankings/mi/16u/,
,mi,,,https://selectbaseballteams.com/travel-baseball-rankings/mi/17u/,
,mi,,,https://selectbaseballteams.com/travel-baseball-rankings/mi/18u/,
,mi,,,https://selectbaseballteams.com/travel-baseball-rankings/mi/18+/,
,sc,,,https://selectbaseballteams.com/travel-baseball-rankings/sc/6u/,
,sc,,,https://selectbaseballteams.com/travel-baseball-rankings/sc/7U/,
,sc,,,https://selectbaseballteams.com/travel-baseball-rankings/sc/8u/,
,sc,,,https://selectbaseballteams.com/travel-baseball-rankings/sc/9u/,
,sc,,,https://selectbaseballteams.com/travel-baseball-rankings/sc/10u/,
,sc,,,https://selectbaseballteams.com/travel-baseball-rankings/sc/11u/,
,sc,,,https://selectbaseballteams.com/travel-baseball-rankings/sc/12u/,
,sc,,,https://selectbaseballteams.com/travel-baseball-rankings/sc/13u/,
,sc,,,https://selectbaseballteams.com/travel-baseball-rankings/sc/14u/,
,sc,,,https://selectbaseballteams.com/travel-baseball-rankings/sc/15u/,
,sc,,,https://selectbaseballteams.com/travel-baseball-rankings/sc/16u/,
,sc,,,https://selectbaseballteams.com/travel-baseball-rankings/sc/17u/,
,sc,,,https://selectbaseballteams.com/travel-baseball-rankings/sc/18u/,
,sc,,,https://selectbaseballteams.com/travel-baseball-rankings/sc/18+/,
,as,,,https://selectbaseballteams.com/travel-baseball-rankings/as/6u/,
,as,,,https://selectbaseballteams.com/travel-baseball-rankings/as/7U/,
,as,,,https://selectbaseballteams.com/travel-baseball-rankings/as/8u/,
,as,,,https://selectbaseballteams.com/travel-baseball-rankings/as/9u/,
,as,,,https://selectbaseballteams.com/travel-baseball-rankings/as/10u/,
,as,,,https://selectbaseballteams.com/travel-baseball-rankings/as/11u/,
,as,,,https://selectbaseballteams.com/travel-baseball-rankings/as/12u/,
,as,,,https://selectbaseballteams.com/travel-baseball-rankings/as/13u/,
,as,,,https://selectbaseballteams.com/travel-baseball-rankings/as/14u/,
,as,,,https://selectbaseballteams.com/travel-baseball-rankings/as/15u/,
,as,,,https://selectbaseballteams.com/travel-baseball-rankings/as/16u/,
,as,,,https://selectbaseballteams.com/travel-baseball-rankings/as/17u/,
,as,,,https://selectbaseballteams.com/travel-baseball-rankings/as/18u/,
,as,,,https://selectbaseballteams.com/travel-baseball-rankings/as/18+/,
,ne,,,https://selectbaseballteams.com/travel-baseball-rankings/ne/6u/,
,ne,,,https://selectbaseballteams.com/travel-baseball-rankings/ne/7U/,
,ne,,,https://selectbaseballteams.com/travel-baseball-rankings/ne/8u/,
,ne,,,https://selectbaseballteams.com/travel-baseball-rankings/ne/9u/,
,ne,,,https://selectbaseballteams.com/travel-baseball-rankings/ne/10u/,
,ne,,,https://selectbaseballteams.com/travel-baseball-rankings/ne/11u/,
,ne,,,https://selectbaseballteams.com/travel-baseball-rankings/ne/12u/,
,ne,,,https://selectbaseballteams.com/travel-baseball-rankings/ne/13u/,
,ne,,,https://selectbaseballteams.com/travel-baseball-rankings/ne/14u/,
,ne,,,https://selectbaseballteams.com/travel-baseball-rankings/ne/15u/,
,ne,,,https://selectbaseballteams.com/travel-baseball-rankings/ne/16u/,
,ne,,,https://selectbaseballteams.com/travel-baseball-rankings/ne/17u/,
,ne,,,https://selectbaseballteams.com/travel-baseball-rankings/ne/18u/,
,ne,,,https://selectbaseballteams.com/travel-baseball-rankings/ne/18+/,
,vt,,,https://selectbaseballteams.com/travel-baseball-rankings/vt/6u/,
,vt,,,https://selectbaseballteams.com/travel-baseball-rankings/vt/7U/,
,vt,,,https://selectbaseballteams.com/travel-baseball-rankings/vt/8u/,
,vt,,,https://selectbaseballteams.com/travel-baseball-rankings/vt/9u/,
,vt,,,https://selectbaseballteams.com/travel-baseball-rankings/vt/10u/,
,vt,,,https://selectbaseballteams.com/travel-baseball-rankings/vt/11u/,
,vt,,,https://selectbaseballteams.com/travel-baseball-rankings/vt/12u/,
,vt,,,https://selectbaseballteams.com/travel-baseball-rankings/vt/13u/,
,vt,,,https://selectbaseballteams.com/travel-baseball-rankings/vt/14u/,
,vt,,,https://selectbaseballteams.com/travel-baseball-rankings/vt/15u/,
,vt,,,https://selectbaseballteams.com/travel-baseball-rankings/vt/16u/,
,vt,,,https://selectbaseballteams.com/travel-baseball-rankings/vt/17u/,
,vt,,,https://selectbaseballteams.com/travel-baseball-rankings/vt/18u/,
,vt,,,https://selectbaseballteams.com/travel-baseball-rankings/vt/18+/,
,md,,,https://selectbaseballteams.com/travel-baseball-rankings/md/6u/,
,md,,,https://selectbaseballteams.com/travel-baseball-rankings/md/7U/,
,md,,,https://selectbaseballteams.com/travel-baseball-rankings/md/8u/,
,md,,,https://selectbaseballteams.com/travel-baseball-rankings/md/9u/,
,md,,,https://selectbaseballteams.com/travel-baseball-rankings/md/10u/,
,md,,,https://selectbaseballteams.com/travel-baseball-rankings/md/11u/,
,md,,,https://selectbaseballteams.com/travel-baseball-rankings/md/12u/,
,md,,,https://selectbaseballteams.com/travel-baseball-rankings/md/13u/,
,md,,,https://selectbaseballteams.com/travel-baseball-rankings/md/14u/,
,md,,,https://selectbaseballteams.com/travel-baseball-rankings/md/15u/,
,md,,,https://selectbaseballteams.com/travel-baseball-rankings/md/16u/,
,md,,,https://selectbaseballteams.com/travel-baseball-rankings/md/17u/,
,md,,,https://selectbaseballteams.com/travel-baseball-rankings/md/18u/,
,md,,,https://selectbaseballteams.com/travel-baseball-rankings/md/18+/,
,ok,,,https://selectbaseballteams.com/travel-baseball-rankings/ok/6u/,
,ok,,,https://selectbaseballteams.com/travel-baseball-rankings/ok/7U/,
,ok,,,https://selectbaseballteams.com/travel-baseball-rankings/ok/8u/,
,ok,,,https://selectbaseballteams.com/travel-baseball-rankings/ok/9u/,
,ok,,,https://selectbaseballteams.com/travel-baseball-rankings/ok/10u/,
,ok,,,https://selectbaseballteams.com/travel-baseball-rankings/ok/11u/,
,ok,,,https://selectbaseballteams.com/travel-baseball-rankings/ok/12u/,
,ok,,,https://selectbaseballteams.com/travel-baseball-rankings/ok/13u/,
,ok,,,https://selectbaseballteams.com/travel-baseball-rankings/ok/14u/,
,ok,,,https://selectbaseballteams.com/travel-baseball-rankings/ok/15u/,
,ok,,,https://selectbaseballteams.com/travel-baseball-rankings/ok/16u/,
,ok,,,https://selectbaseballteams.com/travel-baseball-rankings/ok/17u/,
,ok,,,https://selectbaseballteams.com/travel-baseball-rankings/ok/18u/,
,ok,,,https://selectbaseballteams.com/travel-baseball-rankings/ok/18+/,
,nv,,,https://selectbaseballteams.com/travel-baseball-rankings/nv/6u/,
,nv,,,https://selectbaseballteams.com/travel-baseball-rankings/nv/7U/,
,nv,,,https://selectbaseballteams.com/travel-baseball-rankings/nv/8u/,
,nv,,,https://selectbaseballteams.com/travel-baseball-rankings/nv/9u/,
,nv,,,https://selectbaseballteams.com/travel-baseball-rankings/nv/10u/,
,nv,,,https://selectbaseballteams.com/travel-baseball-rankings/nv/11u/,
,nv,,,https://selectbaseballteams.com/travel-baseball-rankings/nv/12u/,
,nv,,,https://selectbaseballteams.com/travel-baseball-rankings/nv/13u/,
,nv,,,https://selectbaseballteams.com/travel-baseball-rankings/nv/14u/,
,nv,,,https://selectbaseballteams.com/travel-baseball-rankings/nv/15u/,
,nv,,,https://selectbaseballteams.com/travel-baseball-rankings/nv/16u/,
,nv,,,https://selectbaseballteams.com/travel-baseball-rankings/nv/17u/,
,nv,,,https://selectbaseballteams.com/travel-baseball-rankings/nv/18u/,
,nv,,,https://selectbaseballteams.com/travel-baseball-rankings/nv/18+/,
,hi,,,https://selectbaseballteams.com/travel-baseball-rankings/hi/6u/,
,hi,,,https://selectbaseballteams.com/travel-baseball-rankings/hi/7U/,
,hi,,,https://selectbaseballteams.com/travel-baseball-rankings/hi/8u/,
,hi,,,https://selectbaseballteams.com/travel-baseball-rankings/hi/9u/,
,hi,,,https://selectbaseballteams.com/travel-baseball-rankings/hi/10u/,
,hi,,,https://selectbaseballteams.com/travel-baseball-rankings/hi/11u/,
,hi,,,https://selectbaseballteams.com/travel-baseball-rankings/hi/12u/,
,hi,,,https://selectbaseballteams.com/travel-baseball-rankings/hi/13u/,
,hi,,,https://selectbaseballteams.com/travel-baseball-rankings/hi/14u/,
,hi,,,https://selectbaseballteams.com/travel-baseball-rankings/hi/15u/,
,hi,,,https://selectbaseballteams.com/travel-baseball-rankings/hi/16u/,
,hi,,,https://selectbaseballteams.com/travel-baseball-rankings/hi/17u/,
,hi,,,https://selectbaseballteams.com/travel-baseball-rankings/hi/18u/,
,hi,,,https://selectbaseballteams.com/travel-baseball-rankings/hi/18+/,
,pa,,,https://selectbaseballteams.com/travel-baseball-rankings/pa/6u/,
,pa,,,https://selectbaseballteams.com/travel-baseball-rankings/pa/7U/,
,pa,,,https://selectbaseballteams.com/travel-baseball-rankings/pa/8u/,
,pa,,,https://selectbaseballteams.com/travel-baseball-rankings/pa/9u/,
,pa,,,https://selectbaseballteams.com/travel-baseball-rankings/pa/10u/,
,pa,,,https://selectbaseballteams.com/travel-baseball-rankings/pa/11u/,
,pa,,,https://selectbaseballteams.com/travel-baseball-rankings/pa/12u/,
,pa,,,https://selectbaseballteams.com/travel-baseball-rankings/pa/13u/,
,pa,,,https://selectbaseballteams.com/travel-baseball-rankings/pa/14u/,
,pa,,,https://selectbaseballteams.com/travel-baseball-rankings/pa/15u/,
,pa,,,https://selectbaseballteams.com/travel-baseball-rankings/pa/16u/,
,pa,,,https://selectbaseballteams.com/travel-baseball-rankings/pa/17u/,
,pa,,,https://selectbaseballteams.com/travel-baseball-rankings/pa/18u/,
,pa,,,https://selectbaseballteams.com/travel-baseball-rankings/pa/18+/,
,de,,,https://selectbaseballteams.com/travel-baseball-rankings/de/6u/,
,de,,,https://selectbaseballteams.com/travel-baseball-rankings/de/7U/,
,de,,,https://selectbaseballteams.com/travel-baseball-rankings/de/8u/,
,de,,,https://selectbaseballteams.com/travel-baseball-rankings/de/9u/,
,de,,,https://selectbaseballteams.com/travel-baseball-rankings/de/10u/,
,de,,,https://selectbaseballteams.com/travel-baseball-rankings/de/11u/,
,de,,,https://selectbaseballteams.com/travel-baseball-rankings/de/12u/,
,de,,,https://selectbaseballteams.com/travel-baseball-rankings/de/13u/,
,de,,,https://selectbaseballteams.com/travel-baseball-rankings/de/14u/,
,de,,,https://selectbaseballteams.com/travel-baseball-rankings/de/15u/,
,de,,,https://selectbaseballteams.com/travel-baseball-rankings/de/16u/,
,de,,,https://selectbaseballteams.com/travel-baseball-rankings/de/17u/,
,de,,,https://selectbaseballteams.com/travel-baseball-rankings/de/18u/,
,de,,,https://selectbaseballteams.com/travel-baseball-rankings/de/18+/,
,wi,,,https://selectbaseballteams.com/travel-baseball-rankings/al/,
,wi,,,https://selectbaseballteams.com/travel-baseball-rankings/ak/,
,wi,,,https://selectbaseballteams.com/travel-baseball-rankings/as/,
,wi,,,https://selectbaseballteams.com/travel-baseball-rankings/az/,
,wi,,,https://selectbaseballteams.com/travel-baseball-rankings/ar/,
,wi,,,https://selectbaseballteams.com/travel-baseball-rankings/ca/,
,wi,,,https://selectbaseballteams.com/travel-baseball-rankings/co/,
,wi,,,https://selectbaseballteams.com/travel-baseball-rankings/ct/,
,wi,,,https://selectbaseballteams.com/travel-baseball-rankings/de/,
,wi,,,https://selectbaseballteams.com/travel-baseball-rankings/dc/,
,wi,,,https://selectbaseballteams.com/travel-baseball-rankings/fm/,
,wi,,,https://selectbaseballteams.com/travel-baseball-rankings/fl/,
,wi,,,https://selectbaseballteams.com/travel-baseball-rankings/ga/,
,wi,,,https://selectbaseballteams.com/travel-baseball-rankings/gu/,
,wi,,,https://selectbaseballteams.com/travel-baseball-rankings/hi/,
,wi,,,https://selectbaseballteams.com/travel-baseball-rankings/id/,
,wi,,,https://selectbaseballteams.com/travel-baseball-rankings/il/,
,wi,,,https://selectbaseballteams.com/travel-baseball-rankings/in/,
,wi,,,https://selectbaseballteams.com/travel-baseball-rankings/ia/,
,wi,,,https://selectbaseballteams.com/travel-baseball-rankings/ks/,
,wi,,,https://selectbaseballteams.com/travel-baseball-rankings/ky/,
,wi,,,https://selectbaseballteams.com/travel-baseball-rankings/la/,
,wi,,,https://selectbaseballteams.com/travel-baseball-rankings/me/,
,wi,,,https://selectbaseballteams.com/travel-baseball-rankings/mh/,
,wi,,,https://selectbaseballteams.com/travel-baseball-rankings/md/,
,wi,,,https://selectbaseballteams.com/travel-baseball-rankings/ma/,
,wi,,,https://selectbaseballteams.com/travel-baseball-rankings/mi/,
,wi,,,https://selectbaseballteams.com/travel-baseball-rankings/mn/,
,wi,,,https://selectbaseballteams.com/travel-baseball-rankings/ms/,
,wi,,,https://selectbaseballteams.com/travel-baseball-rankings/mo/,
,wi,,,https://selectbaseballteams.com/travel-baseball-rankings/mt/,
,wi,,,https://selectbaseballteams.com/travel-baseball-rankings/ne/,
,wi,,,https://selectbaseballteams.com/travel-baseball-rankings/nv/,
,wi,,,https://selectbaseballteams.com/travel-baseball-rankings/nh/,
,wi,,,https://selectbaseballteams.com/travel-baseball-rankings/nj/,
,wi,,,https://selectbaseballteams.com/travel-baseball-rankings/nm/,
,wi,,,https://selectbaseballteams.com/travel-baseball-rankings/ny/,
,wi,,,https://selectbaseballteams.com/travel-baseball-rankings/nc/,
,wi,,,https://selectbaseballteams.com/travel-baseball-rankings/nd/,
,wi,,,https://selectbaseballteams.com/travel-baseball-rankings/mp/,
,wi,,,https://selectbaseballteams.com/travel-baseball-rankings/oh/,
,wi,,,https://selectbaseballteams.com/travel-baseball-rankings/ok/,
,wi,,,https://selectbaseballteams.com/travel-baseball-rankings/or/,
,wi,,,https://selectbaseballteams.com/travel-baseball-rankings/pa/,
,wi,,,https://selectbaseballteams.com/travel-baseball-rankings/pr/,
,wi,,,https://selectbaseballteams.com/travel-baseball-rankings/ri/,
,wi,,,https://selectbaseballteams.com/travel-baseball-rankings/sc/,
,wi,,,https://selectbaseballteams.com/travel-baseball-rankings/sd/,
,wi,,,https://selectbaseballteams.com/travel-baseball-rankings/tn/,
,wi,,,https://selectbaseballteams.com/travel-baseball-rankings/tx/,
,wi,,,https://selectbaseballteams.com/travel-baseball-rankings/um/,
,wi,,,https://selectbaseballteams.com/travel-baseball-rankings/ut/,
,wi,,,https://selectbaseballteams.com/travel-baseball-rankings/vt/,
,wi,,,https://selectbaseballteams.com/travel-baseball-rankings/vi/,
,wi,,,https://selectbaseballteams.com/travel-baseball-rankings/va/,
,wi,,,https://selectbaseballteams.com/travel-baseball-rankings/wa/,
,wi,,,https://selectbaseballteams.com/travel-baseball-rankings/wv/,
,wi,,,https://selectbaseballteams.com/travel-baseball-rankings/wi/,
,wi,,,https://selectbaseballteams.com/travel-baseball-rankings/wy/,
,il,,,https://selectbaseballteams.com/travel-baseball-rankings/il/6u/,
,il,,,https://selectbaseballteams.com/travel-baseball-rankings/il/7U/,
,il,,,https://selectbaseballteams.com/travel-baseball-rankings/il/8u/,
,il,,,https://selectbaseballteams.com/travel-baseball-rankings/il/9u/,
,il,,,https://selectbaseballteams.com/travel-baseball-rankings/il/10u/,
,il,,,https://selectbaseballteams.com/travel-baseball-rankings/il/11u/,
,il,,,https://selectbaseballteams.com/travel-baseball-rankings/il/12u/,
,il,,,https://selectbaseballteams.com/travel-baseball-rankings/il/13u/,
,il,,,https://selectbaseballteams.com/travel-baseball-rankings/il/14u/,
,il,,,https://selectbaseballteams.com/travel-baseball-rankings/il/15u/,
,il,,,https://selectbaseballteams.com/travel-baseball-rankings/il/16u/,
,il,,,https://selectbaseballteams.com/travel-baseball-rankings/il/17u/,
,il,,,https://selectbaseballteams.com/travel-baseball-rankings/il/18u/,
,il,,,https://selectbaseballteams.com/travel-baseball-rankings/il/18+/,
,ak,,,https://selectbaseballteams.com/travel-baseball-rankings/ak/6u/,
,ak,,,https://selectbaseballteams.com/travel-baseball-rankings/ak/7U/,
,ak,,,https://selectbaseballteams.com/travel-baseball-rankings/ak/8u/,
,ak,,,https://selectbaseballteams.com/travel-baseball-rankings/ak/9u/,
,ak,,,https://selectbaseballteams.com/travel-baseball-rankings/ak/10u/,
,ak,,,https://selectbaseballteams.com/travel-baseball-rankings/ak/11u/,
,ak,,,https://selectbaseballteams.com/travel-baseball-rankings/ak/12u/,
,ak,,,https://selectbaseballteams.com/travel-baseball-rankings/ak/13u/,
,ak,,,https://selectbaseballteams.com/travel-baseball-rankings/ak/14u/,
,ak,,,https://selectbaseballteams.com/travel-baseball-rankings/ak/15u/,
,ak,,,https://selectbaseballteams.com/travel-baseball-rankings/ak/16u/,
,ak,,,https://selectbaseballteams.com/travel-baseball-rankings/ak/17u/,
,ak,,,https://selectbaseballteams.com/travel-baseball-rankings/ak/18u/,
,ak,,,https://selectbaseballteams.com/travel-baseball-rankings/ak/18+/,
,pr,,,https://selectbaseballteams.com/travel-baseball-rankings/pr/6u/,
,pr,,,https://selectbaseballteams.com/travel-baseball-rankings/pr/7U/,
,pr,,,https://selectbaseballteams.com/travel-baseball-rankings/pr/8u/,
,pr,,,https://selectbaseballteams.com/travel-baseball-rankings/pr/9u/,
,pr,,,https://selectbaseballteams.com/travel-baseball-rankings/pr/10u/,
,pr,,,https://selectbaseballteams.com/travel-baseball-rankings/pr/11u/,
,pr,,,https://selectbaseballteams.com/travel-baseball-rankings/pr/12u/,
,pr,,,https://selectbaseballteams.com/travel-baseball-rankings/pr/13u/,
,pr,,,https://selectbaseballteams.com/travel-baseball-rankings/pr/14u/,
,pr,,,https://selectbaseballteams.com/travel-baseball-rankings/pr/15u/,
,pr,,,https://selectbaseballteams.com/travel-baseball-rankings/pr/16u/,
,pr,,,https://selectbaseballteams.com/travel-baseball-rankings/pr/17u/,
,pr,,,https://selectbaseballteams.com/travel-baseball-rankings/pr/18u/,
,pr,,,https://selectbaseballteams.com/travel-baseball-rankings/pr/18+/,
,ky,,,https://selectbaseballteams.com/travel-baseball-rankings/ky/6u/,
,ky,,,https://selectbaseballteams.com/travel-baseball-rankings/ky/7U/,
,ky,,,https://selectbaseballteams.com/travel-baseball-rankings/ky/8u/,
,ky,,,https://selectbaseballteams.com/travel-baseball-rankings/ky/9u/,
,ky,,,https://selectbaseballteams.com/travel-baseball-rankings/ky/10u/,
,ky,,,https://selectbaseballteams.com/travel-baseball-rankings/ky/11u/,
,ky,,,https://selectbaseballteams.com/travel-baseball-rankings/ky/12u/,
,ky,,,https://selectbaseballteams.com/travel-baseball-rankings/ky/13u/,
,ky,,,https://selectbaseballteams.com/travel-baseball-rankings/ky/14u/,
,ky,,,https://selectbaseballteams.com/travel-baseball-rankings/ky/15u/,
,ky,,,https://selectbaseballteams.com/travel-baseball-rankings/ky/16u/,
,ky,,,https://selectbaseballteams.com/travel-baseball-rankings/ky/17u/,
,ky,,,https://selectbaseballteams.com/travel-baseball-rankings/ky/18u/,
,ky,,,https://selectbaseballteams.com/travel-baseball-rankings/ky/18+/,
,nc,,,https://selectbaseballteams.com/travel-baseball-rankings/nc/6u/,
,nc,,,https://selectbaseballteams.com/travel-baseball-rankings/nc/7U/,
,nc,,,https://selectbaseballteams.com/travel-baseball-rankings/nc/8u/,
,nc,,,https://selectbaseballteams.com/travel-baseball-rankings/nc/9u/,
,nc,,,https://selectbaseballteams.com/travel-baseball-rankings/nc/10u/,
,nc,,,https://selectbaseballteams.com/travel-baseball-rankings/nc/11u/,
,nc,,,https://selectbaseballteams.com/travel-baseball-rankings/nc/12u/,
,nc,,,https://selectbaseballteams.com/travel-baseball-rankings/nc/13u/,
,nc,,,https://selectbaseballteams.com/travel-baseball-rankings/nc/14u/,
,nc,,,https://selectbaseballteams.com/travel-baseball-rankings/nc/15u/,
,nc,,,https://selectbaseballteams.com/travel-baseball-rankings/nc/16u/,
,nc,,,https://selectbaseballteams.com/travel-baseball-rankings/nc/17u/,
,nc,,,https://selectbaseballteams.com/travel-baseball-rankings/nc/18u/,
,nc,,,https://selectbaseballteams.com/travel-baseball-rankings/nc/18+/,
,ca,,,https://selectbaseballteams.com/travel-baseball-rankings/ca/6u/,
,ca,,,https://selectbaseballteams.com/travel-baseball-rankings/ca/7U/,
,ca,,,https://selectbaseballteams.com/travel-baseball-rankings/ca/8u/,
,ca,,,https://selectbaseballteams.com/travel-baseball-rankings/ca/9u/,
,ca,,,https://selectbaseballteams.com/travel-baseball-rankings/ca/10u/,
,ca,,,https://selectbaseballteams.com/travel-baseball-rankings/ca/11u/,
,ca,,,https://selectbaseballteams.com/travel-baseball-rankings/ca/12u/,
,ca,,,https://selectbaseballteams.com/travel-baseball-rankings/ca/13u/,
,ca,,,https://selectbaseballteams.com/travel-baseball-rankings/ca/14u/,
,ca,,,https://selectbaseballteams.com/travel-baseball-rankings/ca/15u/,
,ca,,,https://selectbaseballteams.com/travel-baseball-rankings/ca/16u/,
,ca,,,https://selectbaseballteams.com/travel-baseball-rankings/ca/17u/,
,ca,,,https://selectbaseballteams.com/travel-baseball-rankings/ca/18u/,
,ca,,,https://selectbaseballteams.com/travel-baseball-rankings/ca/18+/,
,la,,,https://selectbaseballteams.com/travel-baseball-rankings/la/6u/,
,la,,,https://selectbaseballteams.com/travel-baseball-rankings/la/7U/,
,la,,,https://selectbaseballteams.com/travel-baseball-rankings/la/8u/,
,la,,,https://selectbaseballteams.com/travel-baseball-rankings/la/9u/,
,la,,,https://selectbaseballteams.com/travel-baseball-rankings/la/10u/,
,la,,,https://selectbaseballteams.com/travel-baseball-rankings/la/11u/,
,la,,,https://selectbaseballteams.com/travel-baseball-rankings/la/12u/,
,la,,,https://selectbaseballteams.com/travel-baseball-rankings/la/13u/,
,la,,,https://selectbaseballteams.com/travel-baseball-rankings/la/14u/,
,la,,,https://selectbaseballteams.com/travel-baseball-rankings/la/15u/,
,la,,,https://selectbaseballteams.com/travel-baseball-rankings/la/16u/,
,la,,,https://selectbaseballteams.com/travel-baseball-rankings/la/17u/,
,la,,,https://selectbaseballteams.com/travel-baseball-rankings/la/18u/,
,la,,,https://selectbaseballteams.com/travel-baseball-rankings/la/18+/,
,or,,,https://selectbaseballteams.com/travel-baseball-rankings/or/6u/,
,or,,,https://selectbaseballteams.com/travel-baseball-rankings/or/7U/,
,or,,,https://selectbaseballteams.com/travel-baseball-rankings/or/8u/,
,or,,,https://selectbaseballteams.com/travel-baseball-rankings/or/9u/,
,or,,,https://selectbaseballteams.com/travel-baseball-rankings/or/10u/,
,or,,,https://selectbaseballteams.com/travel-baseball-rankings/or/11u/,
,or,,,https://selectbaseballteams.com/travel-baseball-rankings/or/12u/,
,or,,,https://selectbaseballteams.com/travel-baseball-rankings/or/13u/,
,or,,,https://selectbaseballteams.com/travel-baseball-rankings/or/14u/,
,or,,,https://selectbaseballteams.com/travel-baseball-rankings/or/15u/,
,or,,,https://selectbaseballteams.com/travel-baseball-rankings/or/16u/,
,or,,,https://selectbaseballteams.com/travel-baseball-rankings/or/17u/,
,or,,,https://selectbaseballteams.com/travel-baseball-rankings/or/18u/,
,or,,,https://selectbaseballteams.com/travel-baseball-rankings/or/18+/,
,ct,,,https://selectbaseballteams.com/travel-baseball-rankings/ct/6u/,
,ct,,,https://selectbaseballteams.com/travel-baseball-rankings/ct/7U/,
,ct,,,https://selectbaseballteams.com/travel-baseball-rankings/ct/8u/,
,ct,,,https://selectbaseballteams.com/travel-baseball-rankings/ct/9u/,
,ct,,,https://selectbaseballteams.com/travel-baseball-rankings/ct/10u/,
,ct,,,https://selectbaseballteams.com/travel-baseball-rankings/ct/11u/,
,ct,,,https://selectbaseballteams.com/travel-baseball-rankings/ct/12u/,
,ct,,,https://selectbaseballteams.com/travel-baseball-rankings/ct/13u/,
,ct,,,https://selectbaseballteams.com/travel-baseball-rankings/ct/14u/,
,ct,,,https://selectbaseballteams.com/travel-baseball-rankings/ct/15u/,
,ct,,,https://selectbaseballteams.com/travel-baseball-rankings/ct/16u/,
,ct,,,https://selectbaseballteams.com/travel-baseball-rankings/ct/17u/,
,ct,,,https://selectbaseballteams.com/travel-baseball-rankings/ct/18u/,
,ct,,,https://selectbaseballteams.com/travel-baseball-rankings/ct/18+/,
,oh,,,https://selectbaseballteams.com/travel-baseball-rankings/oh/6u/,
,oh,,,https://selectbaseballteams.com/travel-baseball-rankings/oh/7U/,
,oh,,,https://selectbaseballteams.com/travel-baseball-rankings/oh/8u/,
,oh,,,https://selectbaseballteams.com/travel-baseball-rankings/oh/9u/,
,oh,,,https://selectbaseballteams.com/travel-baseball-rankings/oh/10u/,
,oh,,,https://selectbaseballteams.com/travel-baseball-rankings/oh/11u/,
,oh,,,https://selectbaseballteams.com/travel-baseball-rankings/oh/12u/,
,oh,,,https://selectbaseballteams.com/travel-baseball-rankings/oh/13u/,
,oh,,,https://selectbaseballteams.com/travel-baseball-rankings/oh/14u/,
,oh,,,https://selectbaseballteams.com/travel-baseball-rankings/oh/15u/,
,oh,,,https://selectbaseballteams.com/travel-baseball-rankings/oh/16u/,
,oh,,,https://selectbaseballteams.com/travel-baseball-rankings/oh/17u/,
,oh,,,https://selectbaseballteams.com/travel-baseball-rankings/oh/18u/,
,oh,,,https://selectbaseballteams.com/travel-baseball-rankings/oh/18+/,
,mn,,,https://selectbaseballteams.com/travel-baseball-rankings/mn/6u/,
,mn,,,https://selectbaseballteams.com/travel-baseball-rankings/mn/7U/,
,mn,,,https://selectbaseballteams.com/travel-baseball-rankings/mn/8u/,
,mn,,,https://selectbaseballteams.com/travel-baseball-rankings/mn/9u/,
,mn,,,https://selectbaseballteams.com/travel-baseball-rankings/mn/10u/,
,mn,,,https://selectbaseballteams.com/travel-baseball-rankings/mn/11u/,
,mn,,,https://selectbaseballteams.com/travel-baseball-rankings/mn/12u/,
,mn,,,https://selectbaseballteams.com/travel-baseball-rankings/mn/13u/,
,mn,,,https://selectbaseballteams.com/travel-baseball-rankings/mn/14u/,
,mn,,,https://selectbaseballteams.com/travel-baseball-rankings/mn/15u/,
,mn,,,https://selectbaseballteams.com/travel-baseball-rankings/mn/16u/,
,mn,,,https://selectbaseballteams.com/travel-baseball-rankings/mn/17u/,
,mn,,,https://selectbaseballteams.com/travel-baseball-rankings/mn/18u/,
,mn,,,https://selectbaseballteams.com/travel-baseball-rankings/mn/18+/,
,wy,,,https://selectbaseballteams.com/travel-baseball-rankings/al/,
,wy,,,https://selectbaseballteams.com/travel-baseball-rankings/ak/,
,wy,,,https://selectbaseballteams.com/travel-baseball-rankings/as/,
,wy,,,https://selectbaseballteams.com/travel-baseball-rankings/az/,
,wy,,,https://selectbaseballteams.com/travel-baseball-rankings/ar/,
,wy,,,https://selectbaseballteams.com/travel-baseball-rankings/ca/,
,wy,,,https://selectbaseballteams.com/travel-baseball-rankings/co/,
,wy,,,https://selectbaseballteams.com/travel-baseball-rankings/ct/,
,wy,,,https://selectbaseballteams.com/travel-baseball-rankings/de/,
,wy,,,https://selectbaseballteams.com/travel-baseball-rankings/dc/,
,wy,,,https://selectbaseballteams.com/travel-baseball-rankings/fm/,
,wy,,,https://selectbaseballteams.com/travel-baseball-rankings/fl/,
,wy,,,https://selectbaseballteams.com/travel-baseball-rankings/ga/,
,wy,,,https://selectbaseballteams.com/travel-baseball-rankings/gu/,
,wy,,,https://selectbaseballteams.com/travel-baseball-rankings/hi/,
,wy,,,https://selectbaseballteams.com/travel-baseball-rankings/id/,
,wy,,,https://selectbaseballteams.com/travel-baseball-rankings/il/,
,wy,,,https://selectbaseballteams.com/travel-baseball-rankings/in/,
,wy,,,https://selectbaseballteams.com/travel-baseball-rankings/ia/,
,wy,,,https://selectbaseballteams.com/travel-baseball-rankings/ks/,
,wy,,,https://selectbaseballteams.com/travel-baseball-rankings/ky/,
,wy,,,https://selectbaseballteams.com/travel-baseball-rankings/la/,
,wy,,,https://selectbaseballteams.com/travel-baseball-rankings/me/,
,wy,,,https://selectbaseballteams.com/travel-baseball-rankings/mh/,
,wy,,,https://selectbaseballteams.com/travel-baseball-rankings/md/,
,wy,,,https://selectbaseballteams.com/travel-baseball-rankings/ma/,
,wy,,,https://selectbaseballteams.com/travel-baseball-rankings/mi/,
,wy,,,https://selectbaseballteams.com/travel-baseball-rankings/mn/,
,wy,,,https://selectbaseballteams.com/travel-baseball-rankings/ms/,
,wy,,,https://selectbaseballteams.com/travel-baseball-rankings/mo/,
,wy,,,https://selectbaseballteams.com/travel-baseball-rankings/mt/,
,wy,,,https://selectbaseballteams.com/travel-baseball-rankings/ne/,
,wy,,,https://selectbaseballteams.com/travel-baseball-rankings/nv/,
,wy,,,https://selectbaseballteams.com/travel-baseball-rankings/nh/,
,wy,,,https://selectbaseballteams.com/travel-baseball-rankings/nj/,
,wy,,,https://selectbaseballteams.com/travel-baseball-rankings/nm/,
,wy,,,https://selectbaseballteams.com/travel-baseball-rankings/ny/,
,wy,,,https://selectbaseballteams.com/travel-baseball-rankings/nc/,
,wy,,,https://selectbaseballteams.com/travel-baseball-rankings/nd/,
,wy,,,https://selectbaseballteams.com/travel-baseball-rankings/mp/,
,wy,,,https://selectbaseballteams.com/travel-baseball-rankings/oh/,
,wy,,,https://selectbaseballteams.com/travel-baseball-rankings/ok/,
,wy,,,https://selectbaseballteams.com/travel-baseball-rankings/or/,
,wy,,,https://selectbaseballteams.com/travel-baseball-rankings/pa/,
,wy,,,https://selectbaseballteams.com/travel-baseball-rankings/pr/,
,wy,,,https://selectbaseballteams.com/travel-baseball-rankings/ri/,
,wy,,,https://selectbaseballteams.com/travel-baseball-rankings/sc/,
,wy,,,https://selectbaseballteams.com/travel-baseball-rankings/sd/,
,wy,,,https://selectbaseballteams.com/travel-baseball-rankings/tn/,
,wy,,,https://selectbaseballteams.com/travel-baseball-rankings/tx/,
,wy,,,https://selectbaseballteams.com/travel-baseball-rankings/um/,
,wy,,,https://selectbaseballteams.com/travel-baseball-rankings/ut/,
,wy,,,https://selectbaseballteams.com/travel-baseball-rankings/vt/,
,wy,,,https://selectbaseballteams.com/travel-baseball-rankings/vi/,
,wy,,,https://selectbaseballteams.com/travel-baseball-rankings/va/,
,wy,,,https://selectbaseballteams.com/travel-baseball-rankings/wa/,
,wy,,,https://selectbaseballteams.com/travel-baseball-rankings/wv/,
,wy,,,https://selectbaseballteams.com/travel-baseball-rankings/wi/,
,wy,,,https://selectbaseballteams.com/travel-baseball-rankings/wy/,
,mp,,,https://selectbaseballteams.com/travel-baseball-rankings/mp/6u/,
,mp,,,https://selectbaseballteams.com/travel-baseball-rankings/mp/7U/,
,mp,,,https://selectbaseballteams.com/travel-baseball-rankings/mp/8u/,
,mp,,,https://selectbaseballteams.com/travel-baseball-rankings/mp/9u/,
,mp,,,https://selectbaseballteams.com/travel-baseball-rankings/mp/10u/,
,mp,,,https://selectbaseballteams.com/travel-baseball-rankings/mp/11u/,
,mp,,,https://selectbaseballteams.com/travel-baseball-rankings/mp/12u/,
,mp,,,https://selectbaseballteams.com/travel-baseball-rankings/mp/13u/,
,mp,,,https://selectbaseballteams.com/travel-baseball-rankings/mp/14u/,
,mp,,,https://selectbaseballteams.com/travel-baseball-rankings/mp/15u/,
,mp,,,https://selectbaseballteams.com/travel-baseball-rankings/mp/16u/,
,mp,,,https://selectbaseballteams.com/travel-baseball-rankings/mp/17u/,
,mp,,,https://selectbaseballteams.com/travel-baseball-rankings/mp/18u/,
,mp,,,https://selectbaseballteams.com/travel-baseball-rankings/mp/18+/,
,az,,,https://selectbaseballteams.com/travel-baseball-rankings/az/6u/,
,az,,,https://selectbaseballteams.com/travel-baseball-rankings/az/7U/,
,az,,,https://selectbaseballteams.com/travel-baseball-rankings/az/8u/,
,az,,,https://selectbaseballteams.com/travel-baseball-rankings/az/9u/,
,az,,,https://selectbaseballteams.com/travel-baseball-rankings/az/10u/,
,az,,,https://selectbaseballteams.com/travel-baseball-rankings/az/11u/,
,az,,,https://selectbaseballteams.com/travel-baseball-rankings/az/12u/,
,az,,,https://selectbaseballteams.com/travel-baseball-rankings/az/13u/,
,az,,,https://selectbaseballteams.com/travel-baseball-rankings/az/14u/,
,az,,,https://selectbaseballteams.com/travel-baseball-rankings/az/15u/,
,az,,,https://selectbaseballteams.com/travel-baseball-rankings/az/16u/,
,az,,,https://selectbaseballteams.com/travel-baseball-rankings/az/17u/,
,az,,,https://selectbaseballteams.com/travel-baseball-rankings/az/18u/,
,az,,,https://selectbaseballteams.com/travel-baseball-rankings/az/18+/,
,al,,,https://selectbaseballteams.com/travel-baseball-rankings/al/6u/,
,al,,,https://selectbaseballteams.com/travel-baseball-rankings/al/7U/,
,al,,,https://selectbaseballteams.com/travel-baseball-rankings/al/8u/,
,al,,,https://selectbaseballteams.com/travel-baseball-rankings/al/9u/,
,al,,,https://selectbaseballteams.com/travel-baseball-rankings/al/10u/,
,al,,,https://selectbaseballteams.com/travel-baseball-rankings/al/11u/,
,al,,,https://selectbaseballteams.com/travel-baseball-rankings/al/12u/,
,al,,,https://selectbaseballteams.com/travel-baseball-rankings/al/13u/,
,al,,,https://selectbaseballteams.com/travel-baseball-rankings/al/14u/,
,al,,,https://selectbaseballteams.com/travel-baseball-rankings/al/15u/,
,al,,,https://selectbaseballteams.com/travel-baseball-rankings/al/16u/,
,al,,,https://selectbaseballteams.com/travel-baseball-rankings/al/17u/,
,al,,,https://selectbaseballteams.com/travel-baseball-rankings/al/18u/,
,al,,,https://selectbaseballteams.com/travel-baseball-rankings/al/18+/,
,ut,,,https://selectbaseballteams.com/travel-baseball-rankings/ut/6u/,
,ut,,,https://selectbaseballteams.com/travel-baseball-rankings/ut/7U/,
,ut,,,https://selectbaseballteams.com/travel-baseball-rankings/ut/8u/,
,ut,,,https://selectbaseballteams.com/travel-baseball-rankings/ut/9u/,
,ut,,,https://selectbaseballteams.com/travel-baseball-rankings/ut/10u/,
,ut,,,https://selectbaseballteams.com/travel-baseball-rankings/ut/11u/,
,ut,,,https://selectbaseballteams.com/travel-baseball-rankings/ut/12u/,
,ut,,,https://selectbaseballteams.com/travel-baseball-rankings/ut/13u/,
,ut,,,https://selectbaseballteams.com/travel-baseball-rankings/ut/14u/,
,ut,,,https://selectbaseballteams.com/travel-baseball-rankings/ut/15u/,
,ut,,,https://selectbaseballteams.com/travel-baseball-rankings/ut/16u/,
,ut,,,https://selectbaseballteams.com/travel-baseball-rankings/ut/17u/,
,ut,,,https://selectbaseballteams.com/travel-baseball-rankings/ut/18u/,
,ut,,,https://selectbaseballteams.com/travel-baseball-rankings/ut/18+/,
,gu,,,https://selectbaseballteams.com/travel-baseball-rankings/gu/6u/,
,gu,,,https://selectbaseballteams.com/travel-baseball-rankings/gu/7U/,
,gu,,,https://selectbaseballteams.com/travel-baseball-rankings/gu/8u/,
,gu,,,https://selectbaseballteams.com/travel-baseball-rankings/gu/9u/,
,gu,,,https://selectbaseballteams.com/travel-baseball-rankings/gu/10u/,
,gu,,,https://selectbaseballteams.com/travel-baseball-rankings/gu/11u/,
,gu,,,https://selectbaseballteams.com/travel-baseball-rankings/gu/12u/,
,gu,,,https://selectbaseballteams.com/travel-baseball-rankings/gu/13u/,
,gu,,,https://selectbaseballteams.com/travel-baseball-rankings/gu/14u/,
,gu,,,https://selectbaseballteams.com/travel-baseball-rankings/gu/15u/,
,gu,,,https://selectbaseballteams.com/travel-baseball-rankings/gu/16u/,
,gu,,,https://selectbaseballteams.com/travel-baseball-rankings/gu/17u/,
,gu,,,https://selectbaseballteams.com/travel-baseball-rankings/gu/18u/,
,gu,,,https://selectbaseballteams.com/travel-baseball-rankings/gu/18+/,
,wa,,,https://selectbaseballteams.com/travel-baseball-rankings/al/,
,wa,,,https://selectbaseballteams.com/travel-baseball-rankings/ak/,
,wa,,,https://selectbaseballteams.com/travel-baseball-rankings/as/,
,wa,,,https://selectbaseballteams.com/travel-baseball-rankings/az/,
,wa,,,https://selectbaseballteams.com/travel-baseball-rankings/ar/,
,wa,,,https://selectbaseballteams.com/travel-baseball-rankings/ca/,
,wa,,,https://selectbaseballteams.com/travel-baseball-rankings/co/,
,wa,,,https://selectbaseballteams.com/travel-baseball-rankings/ct/,
,wa,,,https://selectbaseballteams.com/travel-baseball-rankings/de/,
,wa,,,https://selectbaseballteams.com/travel-baseball-rankings/dc/,
,wa,,,https://selectbaseballteams.com/travel-baseball-rankings/fm/,
,wa,,,https://selectbaseballteams.com/travel-baseball-rankings/fl/,
,wa,,,https://selectbaseballteams.com/travel-baseball-rankings/ga/,
,wa,,,https://selectbaseballteams.com/travel-baseball-rankings/gu/,
,wa,,,https://selectbaseballteams.com/travel-baseball-rankings/hi/,
,wa,,,https://selectbaseballteams.com/travel-baseball-rankings/id/,
,wa,,,https://selectbaseballteams.com/travel-baseball-rankings/il/,
,wa,,,https://selectbaseballteams.com/travel-baseball-rankings/in/,
,wa,,,https://selectbaseballteams.com/travel-baseball-rankings/ia/,
,wa,,,https://selectbaseballteams.com/travel-baseball-rankings/ks/,
,wa,,,https://selectbaseballteams.com/travel-baseball-rankings/ky/,
,wa,,,https://selectbaseballteams.com/travel-baseball-rankings/la/,
,wa,,,https://selectbaseballteams.com/travel-baseball-rankings/me/,
,wa,,,https://selectbaseballteams.com/travel-baseball-rankings/mh/,
,wa,,,https://selectbaseballteams.com/travel-baseball-rankings/md/,
,wa,,,https://selectbaseballteams.com/travel-baseball-rankings/ma/,
,wa,,,https://selectbaseballteams.com/travel-baseball-rankings/mi/,
,wa,,,https://selectbaseballteams.com/travel-baseball-rankings/mn/,
,wa,,,https://selectbaseballteams.com/travel-baseball-rankings/ms/,
,wa,,,https://selectbaseballteams.com/travel-baseball-rankings/mo/,
,wa,,,https://selectbaseballteams.com/travel-baseball-rankings/mt/,
,wa,,,https://selectbaseballteams.com/travel-baseball-rankings/ne/,
,wa,,,https://selectbaseballteams.com/travel-baseball-rankings/nv/,
,wa,,,https://selectbaseballteams.com/travel-baseball-rankings/nh/,
,wa,,,https://selectbaseballteams.com/travel-baseball-rankings/nj/,
,wa,,,https://selectbaseballteams.com/travel-baseball-rankings/nm/,
,wa,,,https://selectbaseballteams.com/travel-baseball-rankings/ny/,
,wa,,,https://selectbaseballteams.com/travel-baseball-rankings/nc/,
,wa,,,https://selectbaseballteams.com/travel-baseball-rankings/nd/,
,wa,,,https://selectbaseballteams.com/travel-baseball-rankings/mp/,
,wa,,,https://selectbaseballteams.com/travel-baseball-rankings/oh/,
,wa,,,https://selectbaseballteams.com/travel-baseball-rankings/ok/,
,wa,,,https://selectbaseballteams.com/travel-baseball-rankings/or/,
,wa,,,https://selectbaseballteams.com/travel-baseball-rankings/pa/,
,wa,,,https://selectbaseballteams.com/travel-baseball-rankings/pr/,
,wa,,,https://selectbaseballteams.com/travel-baseball-rankings/ri/,
,wa,,,https://selectbaseballteams.com/travel-baseball-rankings/sc/,
,wa,,,https://selectbaseballteams.com/travel-baseball-rankings/sd/,
,wa,,,https://selectbaseballteams.com/travel-baseball-rankings/tn/,
,wa,,,https://selectbaseballteams.com/travel-baseball-rankings/tx/,
,wa,,,https://selectbaseballteams.com/travel-baseball-rankings/um/,
,wa,,,https://selectbaseballteams.com/travel-baseball-rankings/ut/,
,wa,,,https://selectbaseballteams.com/travel-baseball-rankings/vt/,
,wa,,,https://selectbaseballteams.com/travel-baseball-rankings/vi/,
,wa,,,https://selectbaseballteams.com/travel-baseball-rankings/va/,
,wa,,,https://selectbaseballteams.com/travel-baseball-rankings/wa/,
,wa,,,https://selectbaseballteams.com/travel-baseball-rankings/wv/,
,wa,,,https://selectbaseballteams.com/travel-baseball-rankings/wi/,
,wa,,,https://selectbaseballteams.com/travel-baseball-rankings/wy/,
,wv,,,https://selectbaseballteams.com/travel-baseball-rankings/al/,
,wv,,,https://selectbaseballteams.com/travel-baseball-rankings/ak/,
,wv,,,https://selectbaseballteams.com/travel-baseball-rankings/as/,
,wv,,,https://selectbaseballteams.com/travel-baseball-rankings/az/,
,wv,,,https://selectbaseballteams.com/travel-baseball-rankings/ar/,
,wv,,,https://selectbaseballteams.com/travel-baseball-rankings/ca/,
,wv,,,https://selectbaseballteams.com/travel-baseball-rankings/co/,
,wv,,,https://selectbaseballteams.com/travel-baseball-rankings/ct/,
,wv,,,https://selectbaseballteams.com/travel-baseball-rankings/de/,
,wv,,,https://selectbaseballteams.com/travel-baseball-rankings/dc/,
,wv,,,https://selectbaseballteams.com/travel-baseball-rankings/fm/,
,wv,,,https://selectbaseballteams.com/travel-baseball-rankings/fl/,
,wv,,,https://selectbaseballteams.com/travel-baseball-rankings/ga/,
,wv,,,https://selectbaseballteams.com/travel-baseball-rankings/gu/,
,wv,,,https://selectbaseballteams.com/travel-baseball-rankings/hi/,
,wv,,,https://selectbaseballteams.com/travel-baseball-rankings/id/,
,wv,,,https://selectbaseballteams.com/travel-baseball-rankings/il/,
,wv,,,https://selectbaseballteams.com/travel-baseball-rankings/in/,
,wv,,,https://selectbaseballteams.com/travel-baseball-rankings/ia/,
,wv,,,https://selectbaseballteams.com/travel-baseball-rankings/ks/,
,wv,,,https://selectbaseballteams.com/travel-baseball-rankings/ky/,
,wv,,,https://selectbaseballteams.com/travel-baseball-rankings/la/,
,wv,,,https://selectbaseballteams.com/travel-baseball-rankings/me/,
,wv,,,https://selectbaseballteams.com/travel-baseball-rankings/mh/,
,wv,,,https://selectbaseballteams.com/travel-baseball-rankings/md/,
,wv,,,https://selectbaseballteams.com/travel-baseball-rankings/ma/,
,wv,,,https://selectbaseballteams.com/travel-baseball-rankings/mi/,
,wv,,,https://selectbaseballteams.com/travel-baseball-rankings/mn/,
,wv,,,https://selectbaseballteams.com/travel-baseball-rankings/ms/,
,wv,,,https://selectbaseballteams.com/travel-baseball-rankings/mo/,
,wv,,,https://selectbaseballteams.com/travel-baseball-rankings/mt/,
,wv,,,https://selectbaseballteams.com/travel-baseball-rankings/ne/,
,wv,,,https://selectbaseballteams.com/travel-baseball-rankings/nv/,
,wv,,,https://selectbaseballteams.com/travel-baseball-rankings/nh/,
,wv,,,https://selectbaseballteams.com/travel-baseball-rankings/nj/,
,wv,,,https://selectbaseballteams.com/travel-baseball-rankings/nm/,
,wv,,,https://selectbaseballteams.com/travel-baseball-rankings/ny/,
,wv,,,https://selectbaseballteams.com/travel-baseball-rankings/nc/,
,wv,,,https://selectbaseballteams.com/travel-baseball-rankings/nd/,
,wv,,,https://selectbaseballteams.com/travel-baseball-rankings/mp/,
,wv,,,https://selectbaseballteams.com/travel-baseball-rankings/oh/,
,wv,,,https://selectbaseballteams.com/travel-baseball-rankings/ok/,
,wv,,,https://selectbaseballteams.com/travel-baseball-rankings/or/,
,wv,,,https://selectbaseballteams.com/travel-baseball-rankings/pa/,
,wv,,,https://selectbaseballteams.com/travel-baseball-rankings/pr/,
,wv,,,https://selectbaseballteams.com/travel-baseball-rankings/ri/,
,wv,,,https://selectbaseballteams.com/travel-baseball-rankings/sc/,
,wv,,,https://selectbaseballteams.com/travel-baseball-rankings/sd/,
,wv,,,https://selectbaseballteams.com/travel-baseball-rankings/tn/,
,wv,,,https://selectbaseballteams.com/travel-baseball-rankings/tx/,
,wv,,,https://selectbaseballteams.com/travel-baseball-rankings/um/,
,wv,,,https://selectbaseballteams.com/travel-baseball-rankings/ut/,
,wv,,,https://selectbaseballteams.com/travel-baseball-rankings/vt/,
,wv,,,https://selectbaseballteams.com/travel-baseball-rankings/vi/,
,wv,,,https://selectbaseballteams.com/travel-baseball-rankings/va/,
,wv,,,https://selectbaseballteams.com/travel-baseball-rankings/wa/,
,wv,,,https://selectbaseballteams.com/travel-baseball-rankings/wv/,
,wv,,,https://selectbaseballteams.com/travel-baseball-rankings/wi/,
,wv,,,https://selectbaseballteams.com/travel-baseball-rankings/wy/,
,ga,,,https://selectbaseballteams.com/travel-baseball-rankings/ga/6u/,
,ga,,,https://selectbaseballteams.com/travel-baseball-rankings/ga/7U/,
,ga,,,https://selectbaseballteams.com/travel-baseball-rankings/ga/8u/,
,ga,,,https://selectbaseballteams.com/travel-baseball-rankings/ga/9u/,
,ga,,,https://selectbaseballteams.com/travel-baseball-rankings/ga/10u/,
,ga,,,https://selectbaseballteams.com/travel-baseball-rankings/ga/11u/,
,ga,,,https://selectbaseballteams.com/travel-baseball-rankings/ga/12u/,
,ga,,,https://selectbaseballteams.com/travel-baseball-rankings/ga/13u/,
,ga,,,https://selectbaseballteams.com/travel-baseball-rankings/ga/14u/,
,ga,,,https://selectbaseballteams.com/travel-baseball-rankings/ga/15u/,
,ga,,,https://selectbaseballteams.com/travel-baseball-rankings/ga/16u/,
,ga,,,https://selectbaseballteams.com/travel-baseball-rankings/ga/17u/,
,ga,,,https://selectbaseballteams.com/travel-baseball-rankings/ga/18u/,
,ga,,,https://selectbaseballteams.com/travel-baseball-rankings/ga/18+/,
,nm,,,https://selectbaseballteams.com/travel-baseball-rankings/nm/6u/,
,nm,,,https://selectbaseballteams.com/travel-baseball-rankings/nm/7U/,
,nm,,,https://selectbaseballteams.com/travel-baseball-rankings/nm/8u/,
,nm,,,https://selectbaseballteams.com/travel-baseball-rankings/nm/9u/,
,nm,,,https://selectbaseballteams.com/travel-baseball-rankings/nm/10u/,
,nm,,,https://selectbaseballteams.com/travel-baseball-rankings/nm/11u/,
,nm,,,https://selectbaseballteams.com/travel-baseball-rankings/nm/12u/,
,nm,,,https://selectbaseballteams.com/travel-baseball-rankings/nm/13u/,
,nm,,,https://selectbaseballteams.com/travel-baseball-rankings/nm/14u/,
,nm,,,https://selectbaseballteams.com/travel-baseball-rankings/nm/15u/,
,nm,,,https://selectbaseballteams.com/travel-baseball-rankings/nm/16u/,
,nm,,,https://selectbaseballteams.com/travel-baseball-rankings/nm/17u/,
,nm,,,https://selectbaseballteams.com/travel-baseball-rankings/nm/18u/,
,nm,,,https://selectbaseballteams.com/travel-baseball-rankings/nm/18+/,
,id,,,https://selectbaseballteams.com/travel-baseball-rankings/id/6u/,
,id,,,https://selectbaseballteams.com/travel-baseball-rankings/id/7U/,
,id,,,https://selectbaseballteams.com/travel-baseball-rankings/id/8u/,
,id,,,https://selectbaseballteams.com/travel-baseball-rankings/id/9u/,
,id,,,https://selectbaseballteams.com/travel-baseball-rankings/id/10u/,
,id,,,https://selectbaseballteams.com/travel-baseball-rankings/id/11u/,
,id,,,https://selectbaseballteams.com/travel-baseball-rankings/id/12u/,
,id,,,https://selectbaseballteams.com/travel-baseball-rankings/id/13u/,
,id,,,https://selectbaseballteams.com/travel-baseball-rankings/id/14u/,
,id,,,https://selectbaseballteams.com/travel-baseball-rankings/id/15u/,
,id,,,https://selectbaseballteams.com/travel-baseball-rankings/id/16u/,
,id,,,https://selectbaseballteams.com/travel-baseball-rankings/id/17u/,
,id,,,https://selectbaseballteams.com/travel-baseball-rankings/id/18u/,
,id,,,https://selectbaseballteams.com/travel-baseball-rankings/id/18+/,
,sd,,,https://selectbaseballteams.com/travel-baseball-rankings/sd/6u/,
,sd,,,https://selectbaseballteams.com/travel-baseball-rankings/sd/7U/,
,sd,,,https://selectbaseballteams.com/travel-baseball-rankings/sd/8u/,
,sd,,,https://selectbaseballteams.com/travel-baseball-rankings/sd/9u/,
,sd,,,https://selectbaseballteams.com/travel-baseball-rankings/sd/10u/,
,sd,,,https://selectbaseballteams.com/travel-baseball-rankings/sd/11u/,
,sd,,,https://selectbaseballteams.com/travel-baseball-rankings/sd/12u/,
,sd,,,https://selectbaseballteams.com/travel-baseball-rankings/sd/13u/,
,sd,,,https://selectbaseballteams.com/travel-baseball-rankings/sd/14u/,
,sd,,,https://selectbaseballteams.com/travel-baseball-rankings/sd/15u/,
,sd,,,https://selectbaseballteams.com/travel-baseball-rankings/sd/16u/,
,sd,,,https://selectbaseballteams.com/travel-baseball-rankings/sd/17u/,
,sd,,,https://selectbaseballteams.com/travel-baseball-rankings/sd/18u/,
,sd,,,https://selectbaseballteams.com/travel-baseball-rankings/sd/18+/,
,ny,,,https://selectbaseballteams.com/travel-baseball-rankings/ny/6u/,
,ny,,,https://selectbaseballteams.com/travel-baseball-rankings/ny/7U/,
,ny,,,https://selectbaseballteams.com/travel-baseball-rankings/ny/8u/,
,ny,,,https://selectbaseballteams.com/travel-baseball-rankings/ny/9u/,
,ny,,,https://selectbaseballteams.com/travel-baseball-rankings/ny/10u/,
,ny,,,https://selectbaseballteams.com/travel-baseball-rankings/ny/11u/,
,ny,,,https://selectbaseballteams.com/travel-baseball-rankings/ny/12u/,
,ny,,,https://selectbaseballteams.com/travel-baseball-rankings/ny/13u/,
,ny,,,https://selectbaseballteams.com/travel-baseball-rankings/ny/14u/,
,ny,,,https://selectbaseballteams.com/travel-baseball-rankings/ny/15u/,
,ny,,,https://selectbaseballteams.com/travel-baseball-rankings/ny/16u/,
,ny,,,https://selectbaseballteams.com/travel-baseball-rankings/ny/17u/,
,ny,,,https://selectbaseballteams.com/travel-baseball-rankings/ny/18u/,
,ny,,,https://selectbaseballteams.com/travel-baseball-rankings/ny/18+/,
,co,,,https://selectbaseballteams.com/travel-baseball-rankings/co/6u/,
,co,,,https://selectbaseballteams.com/travel-baseball-rankings/co/7U/,
,co,,,https://selectbaseballteams.com/travel-baseball-rankings/co/8u/,
,co,,,https://selectbaseballteams.com/travel-baseball-rankings/co/9u/,
,co,,,https://selectbaseballteams.com/travel-baseball-rankings/co/10u/,
,co,,,https://selectbaseballteams.com/travel-baseball-rankings/co/11u/,
,co,,,https://selectbaseballteams.com/travel-baseball-rankings/co/12u/,
,co,,,https://selectbaseballteams.com/travel-baseball-rankings/co/13u/,
,co,,,https://selectbaseballteams.com/travel-baseball-rankings/co/14u/,
,co,,,https://selectbaseballteams.com/travel-baseball-rankings/co/15u/,
,co,,,https://selectbaseballteams.com/travel-baseball-rankings/co/16u/,
,co,,,https://selectbaseballteams.com/travel-baseball-rankings/co/17u/,
,co,,,https://selectbaseballteams.com/travel-baseball-rankings/co/18u/,
,co,,,https://selectbaseballteams.com/travel-baseball-rankings/co/18+/,
