,Casper Soccer Club,,,Casper Soccer Club,,,Recreational/Competitive ,,,Recreational/Competitive ,,,Address: Po Box 2101 Casper WY 82602  Phone: ,,,Address: Po Box 2101 Casper WY 82602  Phone: ,,,307-473-2617 ,,,Wendy Brown, Executive Director and Registrar ,,,Wendy Brown, Executive Director and Registrar ,,,Wendy Brown, Executive Director and Registrar ,,,Rick Mullins, Director of Coaching,,,Rick Mullins, Director of Coaching,,,Rick Mullins, Director of Coaching,,,Luke Carlson, Club President,,,Luke Carlson, Club President,,,Luke Carlson, Club President,,,
,Cheyenne Soccer Club,,,Cheyenne Soccer Club,,,Recreational/Competitive ,,,Recreational/Competitive ,,,Address: Po Box 2774 Cheyenne WY 82003  Phone: ,,,Address: Po Box 2774 Cheyenne WY 82003  Phone: ,,,307-635-4635 ,,,Sheri Foster, Director of Member Services & Registrar ,,,Sheri Foster, Director of Member Services & Registrar ,,,Sheri Foster, Director of Member Services & Registrar ,,,Brian Longbottom, Director of Coaching & TOPSoccer ,,,Brian Longbottom, Director of Coaching & TOPSoccer ,,,Brian Longbottom, Director of Coaching & TOPSoccer ,,,David Eldred, Club President,,,David Eldred, Club President,,,David Eldred, Club President,,,
,Douglas Youth Soccer Association ,,,Douglas Youth Soccer Association ,,,Competitive ,,,Competitive ,,,Address: Po Box 1511 Douglas WY 82633  Phone: 307-359-0524,,,Address: Po Box 1511 Douglas WY 82633  Phone: 307-359-0524,,,Abbe Welle, Registrar ,,,Abbe Welle, Registrar ,,,Abbe Welle, Registrar ,,,Amy Wilson, Assistant Registrar,,,Amy Wilson, Assistant Registrar,,,Amy Wilson, Assistant Registrar,,,Vacant, Director of Coaching,,,Vacant,,,, ,,,, ,,,Director of Coaching,,,Director of Coaching,,,Vacant, Club President,,,Vacant,,,, ,,,, ,,,Club President,,,Club President,,,
,Evanston Youth Soccer Club,,,Evanston Youth Soccer Club,,,Recreational/Competitive ,,,Recreational/Competitive ,,,Address: 509 9th street Evanston WY 82633  Phone: ,,,Address: 509 9th street Evanston WY 82633  Phone: ,,,307-679-7221 ,,,Carol Davis, Assistant Registrar ,,,Carol Davis, Assistant Registrar ,,,Carol Davis, Assistant Registrar ,,,Brian Richins, Registrar & Club President ,,,
,Gillette Soccer Club,,,Gillette Soccer Club,,,Competitive ,,, ,,,Address: 509 9th street Evanston WY 82633  Phone: ,,,Address: 509 9th street Evanston WY 82633  Phone: ,,,82633 ,,,Kara Damori, Registrar ,,,Kara Damori, Registrar ,,,Kara Damori, Registrar ,,,Chris McMackin, Director of Coaching,,,Chris McMackin, Director of Coaching,,,Chris McMackin, Director of Coaching,,,Luke Wilkins, Club President,,,Luke Wilkins, Club President,,,Luke Wilkins, Club President,,,
,GoWyo Youth Soccer,,,GoWyo Youth Soccer,,,Recreational/Competitive ,,,Address: PO Box 1234, Torrington WY 82240  ,,,Address: PO Box 1234, Torrington WY 82240  ,,,Rod Miller, Registrar, Director of Coaching, & Club President ,,,Rod Miller, Registrar, Director of Coaching, & Club President ,,,Rod Miller, Registrar, Director of Coaching, & Club President ,,,
,Green River Soccer Association,,,Green River Soccer Association,,,Competitive ,,,Address: 1410 Uinta Drive, Green River  WY 82935  Phone: 307-389-4404,,,Brianna Romero, Registrar,,,Brianna Romero, Registrar,,,Brianna Romero, Registrar,,,Greg Doak, Director of Coaching,,,Greg Doak, Director of Coaching,,,Greg Doak, Director of Coaching,,,Perri Rubeck, Club President,,,Perri Rubeck, Club President,,,
,Heart Mountain USA,,,Heart Mountain USA,,,Recreational/Competitive ,,,Address: PO Box 594, Powell WY 82435  Phone: 307-272-6859,,,Becky Rohrer, Registrar,,,Becky Rohrer, Registrar,,,Becky Rohrer, Registrar,,,Elisabeth White, Registrar,,,Elisabeth White, Registrar,,,Elisabeth White, Registrar,,,Travis Rapp, Director of Coaching,,,Travis Rapp, Director of Coaching,,,Chad Gutierrez, President,,,
,Jackson Hole Youth Soccer,,,Jackson Hole Youth Soccer,,,Recreational/Competitive ,,,Address: PO Box 8554 Jackson WY 83002  Phone: ,,,Address: PO Box 8554 Jackson WY 83002  Phone: ,,,307-200-6034 ,,,Madalina Delca, Registrar,,,Madalina Delca, Registrar,,,Trent Hultman, Assistant Registrar,,,Trent Hultman, Assistant Registrar,,,Sam Williams, Director of Coaching,,,Sam Williams, Director of Coaching,,,Mills Halpin, Club President,,,Kathy Lynch, Board President,,,Kathy Lynch, Board President,,,
,Johnson County Soccer Association,,,Johnson County Soccer Association,,,Recreational/Competitive,,,Recreational/Competitive,,,Address: Po Box 642 Buffalo WY 82834  Phone: ,,,Address: Po Box 642 Buffalo WY 82834  Phone: ,,,307-751-2277 ,,,Amanda Monterastelli, Registrar,,,Amanda Monterastelli, Registrar,,,Amanda Monterastelli, Registrar,,,Zach Byram, Director of Coaching & Club President,,,Zach Byram, Director of Coaching & Club President,,,
,Lander Strikers Soccer Club ,,,Lander Strikers Soccer Club ,,,Recreational/Competitive ,,,Address: Po Box 334 Lander WY 82520  Phone: ,,,Address: Po Box 334 Lander WY 82520  Phone: ,,,307-349-0932 ,,,Candra Dickinson, Registrar ,,,Candra Dickinson, Registrar ,,,Candra Dickinson, Registrar ,,,Hunter Roseberry, Director of Coaching,,,Hunter Roseberry, Director of Coaching,,,EJ Sullivan, Club President,,,EJ Sullivan, Club President,,,
,Laramie Soccer Club ,,,Laramie Soccer Club ,,,Recreational/Competitive,,,1 Borderline Rd, Gillette WY 82718  ,,,307-760-2696,,,Janelle Krueger, Registrar  ,,,Janelle Krueger, Registrar  ,,,Dalelynn Meyer, Registrar,,,Dalelynn Meyer, Registrar,,,N/A, Director of Coaching,,,N/A, Director of Coaching,,,Steve Kaiser,,,, Club Presiden,,,, Club Presiden,,,t,,,t,,,
,Newcastle Soccer League ,,,Newcastle Soccer League ,,,Recreational/Competitive ,,,Recreational/Competitive ,,,PO Box 83, Newcastle WY 82701  ,,,307-746-6162,,,Allison Farella, Registrar,,,Allison Farella, Registrar,,,Allison Farella, Registrar,,,Taren Olsen, Director of Coaching & Club President,,,Taren Olsen, Director of Coaching & Club President,,,
,Rawlins Futbol Club ,,,Rawlins Futbol Club ,,,Competitive ,,,Competitive ,,,Address: PO Box 43 Rawlins WY 82301,,,Kim Fischer, Registrar,,,Kim Fischer, Registrar,,,Chris Fischer, Director of Coaching,,,Chris Fischer, Director of Coaching,,,Brooke Mendez, Club President,,,Brooke Mendez, Club President,,,
,Razor City Renegades ,,,Razor City Renegades ,,,Competitive ,,,Address: PO Box 7001, Gillette WY 82717  Phone: 307-670-1845,,,Molly Dykes, Registrar,,,Molly Dykes, Registrar,,,Mark Shrum, Director of Coaching,,,Mark Shrum, Director of Coaching,,,Jana Streitz, President,,,Jana Streitz, President,,,
,Riverton Youth Soccer Association ,,,Riverton Youth Soccer Association ,,,Recreational/Competitive,,,Address: PO Box 1504, Riverton WY 82501  Phone: 307-851-2065,,, Debbie Graham, Registrar,,,Dustin Despain, President,,,Dustin Despain, President,,,
,Rock Springs Avengers Soccer Club ,,,Rock Springs Avengers Soccer Club ,,,Recreational/Competitive,,,PO Box 7001, Rocksprings WY 82717  ,,,307-670-1845,,,Pamela Islas, Registrar ,,,Pamela Islas, Registrar ,,,Pamela Islas, Registrar ,,,Dustin Moses, Club President,,,Dustin Moses, Club President,,,Dustin Moses, Club President,,,
,Sheridan County Soccer Association ,,,Sheridan County Soccer Association ,,,Competitive Only,,,Address: PO Box 6765, Sheridan WY 82801  Phone:,,,Jessica Barnes, Registrar,,,Jessica Barnes, Registrar,,,Jacey Repsis, Director of Coaching,,,Jacey Repsis, Director of Coaching,,,
,Upton Soccer Club ,,,Upton Soccer Club ,,,Recreational ,,,Address: PO Box 496, Upton  WY 82730  Phone: 208-816-2304,,,Katie Norman, Director of Coaching ,,,Katie Norman, Director of Coaching ,,,Alyssa Jackson, Registrar & Club President ,,,Alyssa Jackson, Registrar & Club President ,,,Alyssa Jackson, Registrar & Club President ,,,
,Worland Soccer Association ,,,Worland Soccer Association ,,,Competitive ,,, Worland WY 82401  ,,,307-347-4192,,,Jason Wang, Registrar ,,,Jason Wang, Registrar ,,,Jason Wang, Registrar ,,,N/A, Director of Coaching ,,,N/A, Director of Coaching ,,,April Bradshaw, Club President ,,,April Bradshaw, Club President ,,,April Bradshaw, Club President ,,,
,Yellowstone Fire Soccer  ,,,Yellowstone Fire Soccer  ,,,Competitive ,,, PO Box 552 Cody WY 82414  ,,,307-250-5030,,,Brandi Nelson, Registrar,,,Meghan Asay, Registrar,,,Randy Rockey, Director of Coaching,,,Randy Rockey, Director of Coaching,,,Sterling Christler, President,,,Sterling Christler, President,,,